start,end,motif,seq,distance
0,1,ATGGAAATATCTACACCGCTATCTGTATAAAC,T,1
0,1,ATGGAAATATCTACACCGCTATCTGTATAAAC,T,1
0,2,ATGGAAATATCTACACCGCTATCTGTATAAAC,TA,1
0,3,ATGGAAATATCTACACCGCTATCTGTATAAAC,TAA,1
0,4,ATGGAAATATCTACACCGCTATCTGTATAAAC,TAAA,1
0,5,ATGGAAATATCTACACCGCTATCTGTATAAAC,TAAAC,0
0,6,ATGGAAATATCTACACCGCTATCTGTATAAAC,TAAACA,2
0,7,ATGGAAATATCTACACCGCTATCTGTATAAAC,TAAACAT,3
0,8,ATGGAAATATCTACACCGCTATCTGTATAAAC,TAAACATG,5
0,9,ATGGAAATATCTACACCGCTATCTGTATAAAC,TAAACATGG,6
0,10,ATGGAAATATCTACACCGCTATCTGTATAAAC,TAAACATGGA,6
0,11,ATGGAAATATCTACACCGCTATCTGTATAAAC,TAAACATGGAA,7
0,11,ATGGAAATATCTACACCGCTATCTGTATAAAC,TAAACATGGAA,7
0,11,ATGGAAATATCTACACCGCTATCTGTATAAAC,TAAACATGGAA,7
0,11,ATGGAAATATCTACACCGCTATCTGTATAAAC,TAAACATGGAA,7
0,11,ATGGAAATATCTACACCGCTATCTGTATAAAC,TAAACATGGAA,7
0,12,ATGGAAATATCTACACCGCTATCTGTATAAAC,TAAACATGGAAA,6
0,12,ATGGAAATATCTACACCGCTATCTGTATAAAC,TAAACATGGAAA,6
0,12,ATGGAAATATCTACACCGCTATCTGTATAAAC,TAAACATGGAAA,6
0,13,ATGGAAATATCTACACCGCTATCTGTATAAAC,TAAACATGGAAAT,7
0,13,ATGGAAATATCTACACCGCTATCTGTATAAAC,TAAACATGGAAAT,7
0,13,ATGGAAATATCTACACCGCTATCTGTATAAAC,TAAACATGGAAAT,7
0,13,ATGGAAATATCTACACCGCTATCTGTATAAAC,TAAACATGGAAAT,7
0,13,ATGGAAATATCTACACCGCTATCTGTATAAAC,TAAACATGGAAAT,7
0,13,ATGGAAATATCTACACCGCTATCTGTATAAAC,TAAACATGGAAAT,7
0,14,ATGGAAATATCTACACCGCTATCTGTATAAAC,TAAACATGGAAATA,7
0,15,ATGGAAATATCTACACCGCTATCTGTATAAAC,TAAACATGGAAATAT,8
0,15,ATGGAAATATCTACACCGCTATCTGTATAAAC,TAAACATGGAAATAT,8
0,16,ATGGAAATATCTACACCGCTATCTGTATAAAC,TAAACATGGAAATATC,9
0,16,ATGGAAATATCTACACCGCTATCTGTATAAAC,TAAACATGGAAATATC,9
0,16,ATGGAAATATCTACACCGCTATCTGTATAAAC,TAAACATGGAAATATC,9
0,17,ATGGAAATATCTACACCGCTATCTGTATAAAC,TAAACATGGAAATATCT,11
0,17,ATGGAAATATCTACACCGCTATCTGTATAAAC,TAAACATGGAAATATCT,11
0,17,ATGGAAATATCTACACCGCTATCTGTATAAAC,TAAACATGGAAATATCT,11
0,17,ATGGAAATATCTACACCGCTATCTGTATAAAC,TAAACATGGAAATATCT,11
0,18,ATGGAAATATCTACACCGCTATCTGTATAAAC,TAAACATGGAAATATCTA,11
0,18,ATGGAAATATCTACACCGCTATCTGTATAAAC,TAAACATGGAAATATCTA,11
0,18,ATGGAAATATCTACACCGCTATCTGTATAAAC,TAAACATGGAAATATCTA,11
0,18,ATGGAAATATCTACACCGCTATCTGTATAAAC,TAAACATGGAAATATCTA,11
0,18,ATGGAAATATCTACACCGCTATCTGTATAAAC,TAAACATGGAAATATCTA,11
0,18,ATGGAAATATCTACACCGCTATCTGTATAAAC,TAAACATGGAAATATCTA,11
0,19,ATGGAAATATCTACACCGCTATCTGTATAAAC,TAAACATGGAAATATCTAC,10
0,20,ATGGAAATATCTACACCGCTATCTGTATAAAC,TAAACATGGAAATATCTACA,10
0,21,ATGGAAATATCTACACCGCTATCTGTATAAAC,TAAACATGGAAATATCTACAC,10
0,21,ATGGAAATATCTACACCGCTATCTGTATAAAC,TAAACATGGAAATATCTACAC,10
0,21,ATGGAAATATCTACACCGCTATCTGTATAAAC,TAAACATGGAAATATCTACAC,10
0,22,ATGGAAATATCTACACCGCTATCTGTATAAAC,TAAACATGGAAATATCTACACC,11
0,22,ATGGAAATATCTACACCGCTATCTGTATAAAC,TAAACATGGAAATATCTACACC,11
0,22,ATGGAAATATCTACACCGCTATCTGTATAAAC,TAAACATGGAAATATCTACACC,11
0,23,ATGGAAATATCTACACCGCTATCTGTATAAAC,TAAACATGGAAATATCTACACCG,12
0,25,ATGGAAATATCTACACCGCTATCTGTATAAAC,TAAACATGGAAATATCTACACCGCT,12
0,26,ATGGAAATATCTACACCGCTATCTGTATAAAC,TAAACATGGAAATATCTACACCGCTA,11
0,27,ATGGAAATATCTACACCGCTATCTGTATAAAC,TAAACATGGAAATATCTACACCGCTAT,10
0,28,ATGGAAATATCTACACCGCTATCTGTATAAAC,TAAACATGGAAATATCTACACCGCTATC,9
0,29,ATGGAAATATCTACACCGCTATCTGTATAAAC,TAAACATGGAAATATCTACACCGCTATCT,8
0,30,ATGGAAATATCTACACCGCTATCTGTATAAAC,TAAACATGGAAATATCTACACCGCTATCTG,7
0,31,ATGGAAATATCTACACCGCTATCTGTATAAAC,TAAACATGGAAATATCTACACCGCTATCTGT,6
0,32,ATGGAAATATCTACACCGCTATCTGTATAAAC,TAAACATGGAAATATCTACACCGCTATCTGTA,5
8,37,ATGGAAATATCTACACCGCTATCTGTATAAAC,GAAATATCTACACCGCTATCTGTATAAAC,3
1,37,ATGGAAATATCTACACCGCTATCTGTATAAAC,AAACATGGAAATATCTACACCGCTATCTGTATAAAC,4
2,37,ATGGAAATATCTACACCGCTATCTGTATAAAC,AACATGGAAATATCTACACCGCTATCTGTATAAAC,3
3,37,ATGGAAATATCTACACCGCTATCTGTATAAAC,ACATGGAAATATCTACACCGCTATCTGTATAAAC,2
4,37,ATGGAAATATCTACACCGCTATCTGTATAAAC,CATGGAAATATCTACACCGCTATCTGTATAAAC,1
5,37,ATGGAAATATCTACACCGCTATCTGTATAAAC,ATGGAAATATCTACACCGCTATCTGTATAAAC,0
6,37,ATGGAAATATCTACACCGCTATCTGTATAAAC,TGGAAATATCTACACCGCTATCTGTATAAAC,1
7,37,ATGGAAATATCTACACCGCTATCTGTATAAAC,GGAAATATCTACACCGCTATCTGTATAAAC,2
9,37,ATGGAAATATCTACACCGCTATCTGTATAAAC,AAATATCTACACCGCTATCTGTATAAAC,4
13,37,ATGGAAATATCTACACCGCTATCTGTATAAAC,ATCTACACCGCTATCTGTATAAAC,8
10,37,ATGGAAATATCTACACCGCTATCTGTATAAAC,AATATCTACACCGCTATCTGTATAAAC,5
11,37,ATGGAAATATCTACACCGCTATCTGTATAAAC,ATATCTACACCGCTATCTGTATAAAC,6
12,37,ATGGAAATATCTACACCGCTATCTGTATAAAC,TATCTACACCGCTATCTGTATAAAC,7
15,37,ATGGAAATATCTACACCGCTATCTGTATAAAC,CTACACCGCTATCTGTATAAAC,10
16,37,ATGGAAATATCTACACCGCTATCTGTATAAAC,TACACCGCTATCTGTATAAAC,11
17,37,ATGGAAATATCTACACCGCTATCTGTATAAAC,ACACCGCTATCTGTATAAAC,12
0,37,ATGGAAATATCTACACCGCTATCTGTATAAAC,TAAACATGGAAATATCTACACCGCTATCTGTATAAAC,5
14,37,ATGGAAATATCTACACCGCTATCTGTATAAAC,TCTACACCGCTATCTGTATAAAC,9
29,69,ATGGAAATATCTACACCGCTATCTGTATAAAC,GTATAAACATGGAAATATCTACACCGCTATCTGTATAAAC,8
25,69,ATGGAAATATCTACACCGCTATCTGTATAAAC,ATCTGTATAAACATGGAAATATCTACACCGCTATCTGTATAAAC,12
26,69,ATGGAAATATCTACACCGCTATCTGTATAAAC,TCTGTATAAACATGGAAATATCTACACCGCTATCTGTATAAAC,11
27,69,ATGGAAATATCTACACCGCTATCTGTATAAAC,CTGTATAAACATGGAAATATCTACACCGCTATCTGTATAAAC,10
36,69,ATGGAAATATCTACACCGCTATCTGTATAAAC,CATGGAAATATCTACACCGCTATCTGTATAAAC,1
35,69,ATGGAAATATCTACACCGCTATCTGTATAAAC,ACATGGAAATATCTACACCGCTATCTGTATAAAC,2
32,69,ATGGAAATATCTACACCGCTATCTGTATAAAC,TAAACATGGAAATATCTACACCGCTATCTGTATAAAC,5
33,69,ATGGAAATATCTACACCGCTATCTGTATAAAC,AAACATGGAAATATCTACACCGCTATCTGTATAAAC,4
34,69,ATGGAAATATCTACACCGCTATCTGTATAAAC,AACATGGAAATATCTACACCGCTATCTGTATAAAC,3
30,69,ATGGAAATATCTACACCGCTATCTGTATAAAC,TATAAACATGGAAATATCTACACCGCTATCTGTATAAAC,7
31,69,ATGGAAATATCTACACCGCTATCTGTATAAAC,ATAAACATGGAAATATCTACACCGCTATCTGTATAAAC,6
42,69,ATGGAAATATCTACACCGCTATCTGTATAAAC,AATATCTACACCGCTATCTGTATAAAC,5
28,69,ATGGAAATATCTACACCGCTATCTGTATAAAC,TGTATAAACATGGAAATATCTACACCGCTATCTGTATAAAC,9
45,69,ATGGAAATATCTACACCGCTATCTGTATAAAC,ATCTACACCGCTATCTGTATAAAC,8
39,69,ATGGAAATATCTACACCGCTATCTGTATAAAC,GGAAATATCTACACCGCTATCTGTATAAAC,2
40,69,ATGGAAATATCTACACCGCTATCTGTATAAAC,GAAATATCTACACCGCTATCTGTATAAAC,3
41,69,ATGGAAATATCTACACCGCTATCTGTATAAAC,AAATATCTACACCGCTATCTGTATAAAC,4
43,69,ATGGAAATATCTACACCGCTATCTGTATAAAC,ATATCTACACCGCTATCTGTATAAAC,6
44,69,ATGGAAATATCTACACCGCTATCTGTATAAAC,TATCTACACCGCTATCTGTATAAAC,7
37,69,ATGGAAATATCTACACCGCTATCTGTATAAAC,ATGGAAATATCTACACCGCTATCTGTATAAAC,0
46,69,ATGGAAATATCTACACCGCTATCTGTATAAAC,TCTACACCGCTATCTGTATAAAC,9
47,69,ATGGAAATATCTACACCGCTATCTGTATAAAC,CTACACCGCTATCTGTATAAAC,10
49,69,ATGGAAATATCTACACCGCTATCTGTATAAAC,ACACCGCTATCTGTATAAAC,12
38,69,ATGGAAATATCTACACCGCTATCTGTATAAAC,TGGAAATATCTACACCGCTATCTGTATAAAC,1
48,69,ATGGAAATATCTACACCGCTATCTGTATAAAC,TACACCGCTATCTGTATAAAC,11
62,101,ATGGAAATATCTACACCGCTATCTGTATAAAC,TATAAACATGGAAATATCTACACCGCTATCTGTATAAAC,7
67,101,ATGGAAATATCTACACCGCTATCTGTATAAAC,ACATGGAAATATCTACACCGCTATCTGTATAAAC,2
66,101,ATGGAAATATCTACACCGCTATCTGTATAAAC,AACATGGAAATATCTACACCGCTATCTGTATAAAC,3
65,101,ATGGAAATATCTACACCGCTATCTGTATAAAC,AAACATGGAAATATCTACACCGCTATCTGTATAAAC,4
64,101,ATGGAAATATCTACACCGCTATCTGTATAAAC,TAAACATGGAAATATCTACACCGCTATCTGTATAAAC,5
63,101,ATGGAAATATCTACACCGCTATCTGTATAAAC,ATAAACATGGAAATATCTACACCGCTATCTGTATAAAC,6
60,101,ATGGAAATATCTACACCGCTATCTGTATAAAC,TGTATAAACATGGAAATATCTACACCGCTATCTGTATAAAC,9
61,101,ATGGAAATATCTACACCGCTATCTGTATAAAC,GTATAAACATGGAAATATCTACACCGCTATCTGTATAAAC,8
59,101,ATGGAAATATCTACACCGCTATCTGTATAAAC,CTGTATAAACATGGAAATATCTACACCGCTATCTGTATAAAC,10
57,101,ATGGAAATATCTACACCGCTATCTGTATAAAC,ATCTGTATAAACATGGAAATATCTACACCGCTATCTGTATAAAC,12
68,101,ATGGAAATATCTACACCGCTATCTGTATAAAC,CATGGAAATATCTACACCGCTATCTGTATAAAC,1
58,101,ATGGAAATATCTACACCGCTATCTGTATAAAC,TCTGTATAAACATGGAAATATCTACACCGCTATCTGTATAAAC,11
69,101,ATGGAAATATCTACACCGCTATCTGTATAAAC,ATGGAAATATCTACACCGCTATCTGTATAAAC,0
72,101,ATGGAAATATCTACACCGCTATCTGTATAAAC,GAAATATCTACACCGCTATCTGTATAAAC,3
81,101,ATGGAAATATCTACACCGCTATCTGTATAAAC,ACACCGCTATCTGTATAAAC,12
80,101,ATGGAAATATCTACACCGCTATCTGTATAAAC,TACACCGCTATCTGTATAAAC,11
79,101,ATGGAAATATCTACACCGCTATCTGTATAAAC,CTACACCGCTATCTGTATAAAC,10
77,101,ATGGAAATATCTACACCGCTATCTGTATAAAC,ATCTACACCGCTATCTGTATAAAC,8
78,101,ATGGAAATATCTACACCGCTATCTGTATAAAC,TCTACACCGCTATCTGTATAAAC,9
75,101,ATGGAAATATCTACACCGCTATCTGTATAAAC,ATATCTACACCGCTATCTGTATAAAC,6
74,101,ATGGAAATATCTACACCGCTATCTGTATAAAC,AATATCTACACCGCTATCTGTATAAAC,5
73,101,ATGGAAATATCTACACCGCTATCTGTATAAAC,AAATATCTACACCGCTATCTGTATAAAC,4
71,101,ATGGAAATATCTACACCGCTATCTGTATAAAC,GGAAATATCTACACCGCTATCTGTATAAAC,2
70,101,ATGGAAATATCTACACCGCTATCTGTATAAAC,TGGAAATATCTACACCGCTATCTGTATAAAC,1
76,101,ATGGAAATATCTACACCGCTATCTGTATAAAC,TATCTACACCGCTATCTGTATAAAC,7
92,133,ATGGAAATATCTACACCGCTATCTGTATAAAC,TGTATAAACATGGAAATATCTACACCGCTATCTGTATAAAC,9
89,133,ATGGAAATATCTACACCGCTATCTGTATAAAC,ATCTGTATAAACATGGAAATATCTACACCGCTATCTGTATAAAC,12
90,133,ATGGAAATATCTACACCGCTATCTGTATAAAC,TCTGTATAAACATGGAAATATCTACACCGCTATCTGTATAAAC,11
91,133,ATGGAAATATCTACACCGCTATCTGTATAAAC,CTGTATAAACATGGAAATATCTACACCGCTATCTGTATAAAC,10
93,133,ATGGAAATATCTACACCGCTATCTGTATAAAC,GTATAAACATGGAAATATCTACACCGCTATCTGTATAAAC,8
99,133,ATGGAAATATCTACACCGCTATCTGTATAAAC,ACATGGAAATATCTACACCGCTATCTGTATAAAC,2
95,133,ATGGAAATATCTACACCGCTATCTGTATAAAC,ATAAACATGGAAATATCTACACCGCTATCTGTATAAAC,6
96,133,ATGGAAATATCTACACCGCTATCTGTATAAAC,TAAACATGGAAATATCTACACCGCTATCTGTATAAAC,5
97,133,ATGGAAATATCTACACCGCTATCTGTATAAAC,AAACATGGAAATATCTACACCGCTATCTGTATAAAC,4
98,133,ATGGAAATATCTACACCGCTATCTGTATAAAC,AACATGGAAATATCTACACCGCTATCTGTATAAAC,3
100,133,ATGGAAATATCTACACCGCTATCTGTATAAAC,CATGGAAATATCTACACCGCTATCTGTATAAAC,1
94,133,ATGGAAATATCTACACCGCTATCTGTATAAAC,TATAAACATGGAAATATCTACACCGCTATCTGTATAAAC,7
101,133,ATGGAAATATCTACACCGCTATCTGTATAAAC,ATGGAAATATCTACACCGCTATCTGTATAAAC,0
108,133,ATGGAAATATCTACACCGCTATCTGTATAAAC,TATCTACACCGCTATCTGTATAAAC,7
106,133,ATGGAAATATCTACACCGCTATCTGTATAAAC,AATATCTACACCGCTATCTGTATAAAC,5
103,133,ATGGAAATATCTACACCGCTATCTGTATAAAC,GGAAATATCTACACCGCTATCTGTATAAAC,2
104,133,ATGGAAATATCTACACCGCTATCTGTATAAAC,GAAATATCTACACCGCTATCTGTATAAAC,3
105,133,ATGGAAATATCTACACCGCTATCTGTATAAAC,AAATATCTACACCGCTATCTGTATAAAC,4
107,133,ATGGAAATATCTACACCGCTATCTGTATAAAC,ATATCTACACCGCTATCTGTATAAAC,6
113,133,ATGGAAATATCTACACCGCTATCTGTATAAAC,ACACCGCTATCTGTATAAAC,12
109,133,ATGGAAATATCTACACCGCTATCTGTATAAAC,ATCTACACCGCTATCTGTATAAAC,8
110,133,ATGGAAATATCTACACCGCTATCTGTATAAAC,TCTACACCGCTATCTGTATAAAC,9
111,133,ATGGAAATATCTACACCGCTATCTGTATAAAC,CTACACCGCTATCTGTATAAAC,10
112,133,ATGGAAATATCTACACCGCTATCTGTATAAAC,TACACCGCTATCTGTATAAAC,11
102,133,ATGGAAATATCTACACCGCTATCTGTATAAAC,TGGAAATATCTACACCGCTATCTGTATAAAC,1
132,165,ATGGAAATATCTACACCGCTATCTGTATAAAC,CATGGAAATATCTACACCGCTATCTGTATAAAC,1
121,165,ATGGAAATATCTACACCGCTATCTGTATAAAC,ATCTGTATAAACATGGAAATATCTACACCGCTATCTGTATAAAC,12
122,165,ATGGAAATATCTACACCGCTATCTGTATAAAC,TCTGTATAAACATGGAAATATCTACACCGCTATCTGTATAAAC,11
124,165,ATGGAAATATCTACACCGCTATCTGTATAAAC,TGTATAAACATGGAAATATCTACACCGCTATCTGTATAAAC,9
125,165,ATGGAAATATCTACACCGCTATCTGTATAAAC,GTATAAACATGGAAATATCTACACCGCTATCTGTATAAAC,8
127,165,ATGGAAATATCTACACCGCTATCTGTATAAAC,ATAAACATGGAAATATCTACACCGCTATCTGTATAAAC,6
128,165,ATGGAAATATCTACACCGCTATCTGTATAAAC,TAAACATGGAAATATCTACACCGCTATCTGTATAAAC,5
129,165,ATGGAAATATCTACACCGCTATCTGTATAAAC,AAACATGGAAATATCTACACCGCTATCTGTATAAAC,4
130,165,ATGGAAATATCTACACCGCTATCTGTATAAAC,AACATGGAAATATCTACACCGCTATCTGTATAAAC,3
131,165,ATGGAAATATCTACACCGCTATCTGTATAAAC,ACATGGAAATATCTACACCGCTATCTGTATAAAC,2
123,165,ATGGAAATATCTACACCGCTATCTGTATAAAC,CTGTATAAACATGGAAATATCTACACCGCTATCTGTATAAAC,10
126,165,ATGGAAATATCTACACCGCTATCTGTATAAAC,TATAAACATGGAAATATCTACACCGCTATCTGTATAAAC,7
133,165,ATGGAAATATCTACACCGCTATCTGTATAAAC,ATGGAAATATCTACACCGCTATCTGTATAAAC,0
140,165,ATGGAAATATCTACACCGCTATCTGTATAAAC,TATCTACACCGCTATCTGTATAAAC,7
145,165,ATGGAAATATCTACACCGCTATCTGTATAAAC,ACACCGCTATCTGTATAAAC,12
135,165,ATGGAAATATCTACACCGCTATCTGTATAAAC,GGAAATATCTACACCGCTATCTGTATAAAC,2
136,165,ATGGAAATATCTACACCGCTATCTGTATAAAC,GAAATATCTACACCGCTATCTGTATAAAC,3
138,165,ATGGAAATATCTACACCGCTATCTGTATAAAC,AATATCTACACCGCTATCTGTATAAAC,5
139,165,ATGGAAATATCTACACCGCTATCTGTATAAAC,ATATCTACACCGCTATCTGTATAAAC,6
137,165,ATGGAAATATCTACACCGCTATCTGTATAAAC,AAATATCTACACCGCTATCTGTATAAAC,4
142,165,ATGGAAATATCTACACCGCTATCTGTATAAAC,TCTACACCGCTATCTGTATAAAC,9
143,165,ATGGAAATATCTACACCGCTATCTGTATAAAC,CTACACCGCTATCTGTATAAAC,10
144,165,ATGGAAATATCTACACCGCTATCTGTATAAAC,TACACCGCTATCTGTATAAAC,11
134,165,ATGGAAATATCTACACCGCTATCTGTATAAAC,TGGAAATATCTACACCGCTATCTGTATAAAC,1
141,165,ATGGAAATATCTACACCGCTATCTGTATAAAC,ATCTACACCGCTATCTGTATAAAC,8
158,197,ATGGAAATATCTACACCGCTATCTGTATAAAC,TATAAACATGGAAATATCTACACCGCTATCTGTATAAAC,7
155,197,ATGGAAATATCTACACCGCTATCTGTATAAAC,CTGTATAAACATGGAAATATCTACACCGCTATCTGTATAAAC,10
156,197,ATGGAAATATCTACACCGCTATCTGTATAAAC,TGTATAAACATGGAAATATCTACACCGCTATCTGTATAAAC,9
157,197,ATGGAAATATCTACACCGCTATCTGTATAAAC,GTATAAACATGGAAATATCTACACCGCTATCTGTATAAAC,8
153,197,ATGGAAATATCTACACCGCTATCTGTATAAAC,ATCTGTATAAACATGGAAATATCTACACCGCTATCTGTATAAAC,12
154,197,ATGGAAATATCTACACCGCTATCTGTATAAAC,TCTGTATAAACATGGAAATATCTACACCGCTATCTGTATAAAC,11
161,197,ATGGAAATATCTACACCGCTATCTGTATAAAC,AAACATGGAAATATCTACACCGCTATCTGTATAAAC,4
162,197,ATGGAAATATCTACACCGCTATCTGTATAAAC,AACATGGAAATATCTACACCGCTATCTGTATAAAC,3
163,197,ATGGAAATATCTACACCGCTATCTGTATAAAC,ACATGGAAATATCTACACCGCTATCTGTATAAAC,2
165,197,ATGGAAATATCTACACCGCTATCTGTATAAAC,ATGGAAATATCTACACCGCTATCTGTATAAAC,0
160,197,ATGGAAATATCTACACCGCTATCTGTATAAAC,TAAACATGGAAATATCTACACCGCTATCTGTATAAAC,5
164,197,ATGGAAATATCTACACCGCTATCTGTATAAAC,CATGGAAATATCTACACCGCTATCTGTATAAAC,1
174,197,ATGGAAATATCTACACCGCTATCTGTATAAAC,TCTACACCGCTATCTGTATAAAC,9
166,197,ATGGAAATATCTACACCGCTATCTGTATAAAC,TGGAAATATCTACACCGCTATCTGTATAAAC,1
168,197,ATGGAAATATCTACACCGCTATCTGTATAAAC,GAAATATCTACACCGCTATCTGTATAAAC,3
169,197,ATGGAAATATCTACACCGCTATCTGTATAAAC,AAATATCTACACCGCTATCTGTATAAAC,4
170,197,ATGGAAATATCTACACCGCTATCTGTATAAAC,AATATCTACACCGCTATCTGTATAAAC,5
172,197,ATGGAAATATCTACACCGCTATCTGTATAAAC,TATCTACACCGCTATCTGTATAAAC,7
167,197,ATGGAAATATCTACACCGCTATCTGTATAAAC,GGAAATATCTACACCGCTATCTGTATAAAC,2
171,197,ATGGAAATATCTACACCGCTATCTGTATAAAC,ATATCTACACCGCTATCTGTATAAAC,6
175,197,ATGGAAATATCTACACCGCTATCTGTATAAAC,CTACACCGCTATCTGTATAAAC,10
176,197,ATGGAAATATCTACACCGCTATCTGTATAAAC,TACACCGCTATCTGTATAAAC,11
177,197,ATGGAAATATCTACACCGCTATCTGTATAAAC,ACACCGCTATCTGTATAAAC,12
173,197,ATGGAAATATCTACACCGCTATCTGTATAAAC,ATCTACACCGCTATCTGTATAAAC,8
159,197,ATGGAAATATCTACACCGCTATCTGTATAAAC,ATAAACATGGAAATATCTACACCGCTATCTGTATAAAC,6
187,229,ATGGAAATATCTACACCGCTATCTGTATAAAC,CTGTATAAACATGGAAATATCTACACCGCTATCTGTATAAAC,10
188,229,ATGGAAATATCTACACCGCTATCTGTATAAAC,TGTATAAACATGGAAATATCTACACCGCTATCTGTATAAAC,9
189,229,ATGGAAATATCTACACCGCTATCTGTATAAAC,GTATAAACATGGAAATATCTACACCGCTATCTGTATAAAC,8
190,229,ATGGAAATATCTACACCGCTATCTGTATAAAC,TATAAACATGGAAATATCTACACCGCTATCTGTATAAAC,7
185,229,ATGGAAATATCTACACCGCTATCTGTATAAAC,ATCTGTATAAACATGGAAATATCTACACCGCTATCTGTATAAAC,12
193,229,ATGGAAATATCTACACCGCTATCTGTATAAAC,AAACATGGAAATATCTACACCGCTATCTGTATAAAC,4
194,229,ATGGAAATATCTACACCGCTATCTGTATAAAC,AACATGGAAATATCTACACCGCTATCTGTATAAAC,3
195,229,ATGGAAATATCTACACCGCTATCTGTATAAAC,ACATGGAAATATCTACACCGCTATCTGTATAAAC,2
191,229,ATGGAAATATCTACACCGCTATCTGTATAAAC,ATAAACATGGAAATATCTACACCGCTATCTGTATAAAC,6
186,229,ATGGAAATATCTACACCGCTATCTGTATAAAC,TCTGTATAAACATGGAAATATCTACACCGCTATCTGTATAAAC,11
192,229,ATGGAAATATCTACACCGCTATCTGTATAAAC,TAAACATGGAAATATCTACACCGCTATCTGTATAAAC,5
196,229,ATGGAAATATCTACACCGCTATCTGTATAAAC,CATGGAAATATCTACACCGCTATCTGTATAAAC,1
197,229,ATGGAAATATCTACACCGCTATCTGTATAAAC,ATGGAAATATCTACACCGCTATCTGTATAAAC,0
198,229,ATGGAAATATCTACACCGCTATCTGTATAAAC,TGGAAATATCTACACCGCTATCTGTATAAAC,1
201,229,ATGGAAATATCTACACCGCTATCTGTATAAAC,AAATATCTACACCGCTATCTGTATAAAC,4
202,229,ATGGAAATATCTACACCGCTATCTGTATAAAC,AATATCTACACCGCTATCTGTATAAAC,5
203,229,ATGGAAATATCTACACCGCTATCTGTATAAAC,ATATCTACACCGCTATCTGTATAAAC,6
204,229,ATGGAAATATCTACACCGCTATCTGTATAAAC,TATCTACACCGCTATCTGTATAAAC,7
206,229,ATGGAAATATCTACACCGCTATCTGTATAAAC,TCTACACCGCTATCTGTATAAAC,9
200,229,ATGGAAATATCTACACCGCTATCTGTATAAAC,GAAATATCTACACCGCTATCTGTATAAAC,3
208,229,ATGGAAATATCTACACCGCTATCTGTATAAAC,TACACCGCTATCTGTATAAAC,11
209,229,ATGGAAATATCTACACCGCTATCTGTATAAAC,ACACCGCTATCTGTATAAAC,12
199,229,ATGGAAATATCTACACCGCTATCTGTATAAAC,GGAAATATCTACACCGCTATCTGTATAAAC,2
205,229,ATGGAAATATCTACACCGCTATCTGTATAAAC,ATCTACACCGCTATCTGTATAAAC,8
207,229,ATGGAAATATCTACACCGCTATCTGTATAAAC,CTACACCGCTATCTGTATAAAC,10
219,261,ATGGAAATATCTACACCGCTATCTGTATAAAC,CTGTATAAACATGGAAATATCTACACCGCTATCTGTATAAAC,10
220,261,ATGGAAATATCTACACCGCTATCTGTATAAAC,TGTATAAACATGGAAATATCTACACCGCTATCTGTATAAAC,9
221,261,ATGGAAATATCTACACCGCTATCTGTATAAAC,GTATAAACATGGAAATATCTACACCGCTATCTGTATAAAC,8
222,261,ATGGAAATATCTACACCGCTATCTGTATAAAC,TATAAACATGGAAATATCTACACCGCTATCTGTATAAAC,7
217,261,ATGGAAATATCTACACCGCTATCTGTATAAAC,ATCTGTATAAACATGGAAATATCTACACCGCTATCTGTATAAAC,12
225,261,ATGGAAATATCTACACCGCTATCTGTATAAAC,AAACATGGAAATATCTACACCGCTATCTGTATAAAC,4
226,261,ATGGAAATATCTACACCGCTATCTGTATAAAC,AACATGGAAATATCTACACCGCTATCTGTATAAAC,3
227,261,ATGGAAATATCTACACCGCTATCTGTATAAAC,ACATGGAAATATCTACACCGCTATCTGTATAAAC,2
223,261,ATGGAAATATCTACACCGCTATCTGTATAAAC,ATAAACATGGAAATATCTACACCGCTATCTGTATAAAC,6
218,261,ATGGAAATATCTACACCGCTATCTGTATAAAC,TCTGTATAAACATGGAAATATCTACACCGCTATCTGTATAAAC,11
224,261,ATGGAAATATCTACACCGCTATCTGTATAAAC,TAAACATGGAAATATCTACACCGCTATCTGTATAAAC,5
228,261,ATGGAAATATCTACACCGCTATCTGTATAAAC,CATGGAAATATCTACACCGCTATCTGTATAAAC,1
229,261,ATGGAAATATCTACACCGCTATCTGTATAAAC,ATGGAAATATCTACACCGCTATCTGTATAAAC,0
230,261,ATGGAAATATCTACACCGCTATCTGTATAAAC,TGGAAATATCTACACCGCTATCTGTATAAAC,1
233,261,ATGGAAATATCTACACCGCTATCTGTATAAAC,AAATATCTACACCGCTATCTGTATAAAC,4
234,261,ATGGAAATATCTACACCGCTATCTGTATAAAC,AATATCTACACCGCTATCTGTATAAAC,5
235,261,ATGGAAATATCTACACCGCTATCTGTATAAAC,ATATCTACACCGCTATCTGTATAAAC,6
236,261,ATGGAAATATCTACACCGCTATCTGTATAAAC,TATCTACACCGCTATCTGTATAAAC,7
238,261,ATGGAAATATCTACACCGCTATCTGTATAAAC,TCTACACCGCTATCTGTATAAAC,9
232,261,ATGGAAATATCTACACCGCTATCTGTATAAAC,GAAATATCTACACCGCTATCTGTATAAAC,3
240,261,ATGGAAATATCTACACCGCTATCTGTATAAAC,TACACCGCTATCTGTATAAAC,11
241,261,ATGGAAATATCTACACCGCTATCTGTATAAAC,ACACCGCTATCTGTATAAAC,12
231,261,ATGGAAATATCTACACCGCTATCTGTATAAAC,GGAAATATCTACACCGCTATCTGTATAAAC,2
237,261,ATGGAAATATCTACACCGCTATCTGTATAAAC,ATCTACACCGCTATCTGTATAAAC,8
239,261,ATGGAAATATCTACACCGCTATCTGTATAAAC,CTACACCGCTATCTGTATAAAC,10
251,293,ATGGAAATATCTACACCGCTATCTGTATAAAC,CTGTATAAACATGGAAATATCTACACCGCTATCTGTATAAAC,10
252,293,ATGGAAATATCTACACCGCTATCTGTATAAAC,TGTATAAACATGGAAATATCTACACCGCTATCTGTATAAAC,9
253,293,ATGGAAATATCTACACCGCTATCTGTATAAAC,GTATAAACATGGAAATATCTACACCGCTATCTGTATAAAC,8
254,293,ATGGAAATATCTACACCGCTATCTGTATAAAC,TATAAACATGGAAATATCTACACCGCTATCTGTATAAAC,7
249,293,ATGGAAATATCTACACCGCTATCTGTATAAAC,ATCTGTATAAACATGGAAATATCTACACCGCTATCTGTATAAAC,12
257,293,ATGGAAATATCTACACCGCTATCTGTATAAAC,AAACATGGAAATATCTACACCGCTATCTGTATAAAC,4
258,293,ATGGAAATATCTACACCGCTATCTGTATAAAC,AACATGGAAATATCTACACCGCTATCTGTATAAAC,3
259,293,ATGGAAATATCTACACCGCTATCTGTATAAAC,ACATGGAAATATCTACACCGCTATCTGTATAAAC,2
255,293,ATGGAAATATCTACACCGCTATCTGTATAAAC,ATAAACATGGAAATATCTACACCGCTATCTGTATAAAC,6
250,293,ATGGAAATATCTACACCGCTATCTGTATAAAC,TCTGTATAAACATGGAAATATCTACACCGCTATCTGTATAAAC,11
256,293,ATGGAAATATCTACACCGCTATCTGTATAAAC,TAAACATGGAAATATCTACACCGCTATCTGTATAAAC,5
260,293,ATGGAAATATCTACACCGCTATCTGTATAAAC,CATGGAAATATCTACACCGCTATCTGTATAAAC,1
261,293,ATGGAAATATCTACACCGCTATCTGTATAAAC,ATGGAAATATCTACACCGCTATCTGTATAAAC,0
262,293,ATGGAAATATCTACACCGCTATCTGTATAAAC,TGGAAATATCTACACCGCTATCTGTATAAAC,1
265,293,ATGGAAATATCTACACCGCTATCTGTATAAAC,AAATATCTACACCGCTATCTGTATAAAC,4
266,293,ATGGAAATATCTACACCGCTATCTGTATAAAC,AATATCTACACCGCTATCTGTATAAAC,5
267,293,ATGGAAATATCTACACCGCTATCTGTATAAAC,ATATCTACACCGCTATCTGTATAAAC,6
268,293,ATGGAAATATCTACACCGCTATCTGTATAAAC,TATCTACACCGCTATCTGTATAAAC,7
270,293,ATGGAAATATCTACACCGCTATCTGTATAAAC,TCTACACCGCTATCTGTATAAAC,9
264,293,ATGGAAATATCTACACCGCTATCTGTATAAAC,GAAATATCTACACCGCTATCTGTATAAAC,3
272,293,ATGGAAATATCTACACCGCTATCTGTATAAAC,TACACCGCTATCTGTATAAAC,11
273,293,ATGGAAATATCTACACCGCTATCTGTATAAAC,ACACCGCTATCTGTATAAAC,12
263,293,ATGGAAATATCTACACCGCTATCTGTATAAAC,GGAAATATCTACACCGCTATCTGTATAAAC,2
269,293,ATGGAAATATCTACACCGCTATCTGTATAAAC,ATCTACACCGCTATCTGTATAAAC,8
271,293,ATGGAAATATCTACACCGCTATCTGTATAAAC,CTACACCGCTATCTGTATAAAC,10
283,325,ATGGAAATATCTACACCGCTATCTGTATAAAC,CTGTATAAACATGGAAATATCTACACCGCTATCTGTATAAAC,10
284,325,ATGGAAATATCTACACCGCTATCTGTATAAAC,TGTATAAACATGGAAATATCTACACCGCTATCTGTATAAAC,9
285,325,ATGGAAATATCTACACCGCTATCTGTATAAAC,GTATAAACATGGAAATATCTACACCGCTATCTGTATAAAC,8
286,325,ATGGAAATATCTACACCGCTATCTGTATAAAC,TATAAACATGGAAATATCTACACCGCTATCTGTATAAAC,7
293,325,ATGGAAATATCTACACCGCTATCTGTATAAAC,ATGGAAATATCTACACCGCTATCTGTATAAAC,0
289,325,ATGGAAATATCTACACCGCTATCTGTATAAAC,AAACATGGAAATATCTACACCGCTATCTGTATAAAC,4
290,325,ATGGAAATATCTACACCGCTATCTGTATAAAC,AACATGGAAATATCTACACCGCTATCTGTATAAAC,3
287,325,ATGGAAATATCTACACCGCTATCTGTATAAAC,ATAAACATGGAAATATCTACACCGCTATCTGTATAAAC,6
291,325,ATGGAAATATCTACACCGCTATCTGTATAAAC,ACATGGAAATATCTACACCGCTATCTGTATAAAC,2
281,325,ATGGAAATATCTACACCGCTATCTGTATAAAC,ATCTGTATAAACATGGAAATATCTACACCGCTATCTGTATAAAC,12
288,325,ATGGAAATATCTACACCGCTATCTGTATAAAC,TAAACATGGAAATATCTACACCGCTATCTGTATAAAC,5
292,325,ATGGAAATATCTACACCGCTATCTGTATAAAC,CATGGAAATATCTACACCGCTATCTGTATAAAC,1
297,325,ATGGAAATATCTACACCGCTATCTGTATAAAC,AAATATCTACACCGCTATCTGTATAAAC,4
294,325,ATGGAAATATCTACACCGCTATCTGTATAAAC,TGGAAATATCTACACCGCTATCTGTATAAAC,1
296,325,ATGGAAATATCTACACCGCTATCTGTATAAAC,GAAATATCTACACCGCTATCTGTATAAAC,3
298,325,ATGGAAATATCTACACCGCTATCTGTATAAAC,AATATCTACACCGCTATCTGTATAAAC,5
299,325,ATGGAAATATCTACACCGCTATCTGTATAAAC,ATATCTACACCGCTATCTGTATAAAC,6
300,325,ATGGAAATATCTACACCGCTATCTGTATAAAC,TATCTACACCGCTATCTGTATAAAC,7
302,325,ATGGAAATATCTACACCGCTATCTGTATAAAC,TCTACACCGCTATCTGTATAAAC,9
282,325,ATGGAAATATCTACACCGCTATCTGTATAAAC,TCTGTATAAACATGGAAATATCTACACCGCTATCTGTATAAAC,11
305,325,ATGGAAATATCTACACCGCTATCTGTATAAAC,ACACCGCTATCTGTATAAAC,12
304,325,ATGGAAATATCTACACCGCTATCTGTATAAAC,TACACCGCTATCTGTATAAAC,11
295,325,ATGGAAATATCTACACCGCTATCTGTATAAAC,GGAAATATCTACACCGCTATCTGTATAAAC,2
301,325,ATGGAAATATCTACACCGCTATCTGTATAAAC,ATCTACACCGCTATCTGTATAAAC,8
303,325,ATGGAAATATCTACACCGCTATCTGTATAAAC,CTACACCGCTATCTGTATAAAC,10
315,357,ATGGAAATATCTACACCGCTATCTGTATAAAC,CTGTATAAACATGGAAATATCTACACCGCTATCTGTATAAAC,10
316,357,ATGGAAATATCTACACCGCTATCTGTATAAAC,TGTATAAACATGGAAATATCTACACCGCTATCTGTATAAAC,9
317,357,ATGGAAATATCTACACCGCTATCTGTATAAAC,GTATAAACATGGAAATATCTACACCGCTATCTGTATAAAC,8
318,357,ATGGAAATATCTACACCGCTATCTGTATAAAC,TATAAACATGGAAATATCTACACCGCTATCTGTATAAAC,7
313,357,ATGGAAATATCTACACCGCTATCTGTATAAAC,ATCTGTATAAACATGGAAATATCTACACCGCTATCTGTATAAAC,12
321,357,ATGGAAATATCTACACCGCTATCTGTATAAAC,AAACATGGAAATATCTACACCGCTATCTGTATAAAC,4
322,357,ATGGAAATATCTACACCGCTATCTGTATAAAC,AACATGGAAATATCTACACCGCTATCTGTATAAAC,3
323,357,ATGGAAATATCTACACCGCTATCTGTATAAAC,ACATGGAAATATCTACACCGCTATCTGTATAAAC,2
319,357,ATGGAAATATCTACACCGCTATCTGTATAAAC,ATAAACATGGAAATATCTACACCGCTATCTGTATAAAC,6
314,357,ATGGAAATATCTACACCGCTATCTGTATAAAC,TCTGTATAAACATGGAAATATCTACACCGCTATCTGTATAAAC,11
320,357,ATGGAAATATCTACACCGCTATCTGTATAAAC,TAAACATGGAAATATCTACACCGCTATCTGTATAAAC,5
324,357,ATGGAAATATCTACACCGCTATCTGTATAAAC,CATGGAAATATCTACACCGCTATCTGTATAAAC,1
325,357,ATGGAAATATCTACACCGCTATCTGTATAAAC,ATGGAAATATCTACACCGCTATCTGTATAAAC,0
326,357,ATGGAAATATCTACACCGCTATCTGTATAAAC,TGGAAATATCTACACCGCTATCTGTATAAAC,1
329,357,ATGGAAATATCTACACCGCTATCTGTATAAAC,AAATATCTACACCGCTATCTGTATAAAC,4
330,357,ATGGAAATATCTACACCGCTATCTGTATAAAC,AATATCTACACCGCTATCTGTATAAAC,5
331,357,ATGGAAATATCTACACCGCTATCTGTATAAAC,ATATCTACACCGCTATCTGTATAAAC,6
332,357,ATGGAAATATCTACACCGCTATCTGTATAAAC,TATCTACACCGCTATCTGTATAAAC,7
334,357,ATGGAAATATCTACACCGCTATCTGTATAAAC,TCTACACCGCTATCTGTATAAAC,9
328,357,ATGGAAATATCTACACCGCTATCTGTATAAAC,GAAATATCTACACCGCTATCTGTATAAAC,3
336,357,ATGGAAATATCTACACCGCTATCTGTATAAAC,TACACCGCTATCTGTATAAAC,11
337,357,ATGGAAATATCTACACCGCTATCTGTATAAAC,ACACCGCTATCTGTATAAAC,12
327,357,ATGGAAATATCTACACCGCTATCTGTATAAAC,GGAAATATCTACACCGCTATCTGTATAAAC,2
333,357,ATGGAAATATCTACACCGCTATCTGTATAAAC,ATCTACACCGCTATCTGTATAAAC,8
335,357,ATGGAAATATCTACACCGCTATCTGTATAAAC,CTACACCGCTATCTGTATAAAC,10
345,389,ATGGAAATATCTACACCGCTATCTGTATAAAC,ATCTGTATAAACATGGAAATATCTACACCGCTATCTGTATAAAC,12
347,389,ATGGAAATATCTACACCGCTATCTGTATAAAC,CTGTATAAACATGGAAATATCTACACCGCTATCTGTATAAAC,10
349,389,ATGGAAATATCTACACCGCTATCTGTATAAAC,GTATAAACATGGAAATATCTACACCGCTATCTGTATAAAC,8
350,389,ATGGAAATATCTACACCGCTATCTGTATAAAC,TATAAACATGGAAATATCTACACCGCTATCTGTATAAAC,7
348,389,ATGGAAATATCTACACCGCTATCTGTATAAAC,TGTATAAACATGGAAATATCTACACCGCTATCTGTATAAAC,9
353,389,ATGGAAATATCTACACCGCTATCTGTATAAAC,AAACATGGAAATATCTACACCGCTATCTGTATAAAC,4
354,389,ATGGAAATATCTACACCGCTATCTGTATAAAC,AACATGGAAATATCTACACCGCTATCTGTATAAAC,3
351,389,ATGGAAATATCTACACCGCTATCTGTATAAAC,ATAAACATGGAAATATCTACACCGCTATCTGTATAAAC,6
355,389,ATGGAAATATCTACACCGCTATCTGTATAAAC,ACATGGAAATATCTACACCGCTATCTGTATAAAC,2
357,389,ATGGAAATATCTACACCGCTATCTGTATAAAC,ATGGAAATATCTACACCGCTATCTGTATAAAC,0
352,389,ATGGAAATATCTACACCGCTATCTGTATAAAC,TAAACATGGAAATATCTACACCGCTATCTGTATAAAC,5
356,389,ATGGAAATATCTACACCGCTATCTGTATAAAC,CATGGAAATATCTACACCGCTATCTGTATAAAC,1
361,389,ATGGAAATATCTACACCGCTATCTGTATAAAC,AAATATCTACACCGCTATCTGTATAAAC,4
358,389,ATGGAAATATCTACACCGCTATCTGTATAAAC,TGGAAATATCTACACCGCTATCTGTATAAAC,1
346,389,ATGGAAATATCTACACCGCTATCTGTATAAAC,TCTGTATAAACATGGAAATATCTACACCGCTATCTGTATAAAC,11
360,389,ATGGAAATATCTACACCGCTATCTGTATAAAC,GAAATATCTACACCGCTATCTGTATAAAC,3
362,389,ATGGAAATATCTACACCGCTATCTGTATAAAC,AATATCTACACCGCTATCTGTATAAAC,5
364,389,ATGGAAATATCTACACCGCTATCTGTATAAAC,TATCTACACCGCTATCTGTATAAAC,7
366,389,ATGGAAATATCTACACCGCTATCTGTATAAAC,TCTACACCGCTATCTGTATAAAC,9
363,389,ATGGAAATATCTACACCGCTATCTGTATAAAC,ATATCTACACCGCTATCTGTATAAAC,6
369,389,ATGGAAATATCTACACCGCTATCTGTATAAAC,ACACCGCTATCTGTATAAAC,12
368,389,ATGGAAATATCTACACCGCTATCTGTATAAAC,TACACCGCTATCTGTATAAAC,11
359,389,ATGGAAATATCTACACCGCTATCTGTATAAAC,GGAAATATCTACACCGCTATCTGTATAAAC,2
365,389,ATGGAAATATCTACACCGCTATCTGTATAAAC,ATCTACACCGCTATCTGTATAAAC,8
367,389,ATGGAAATATCTACACCGCTATCTGTATAAAC,CTACACCGCTATCTGTATAAAC,10
386,416,ATGGAAATATCTACACCGCTATCTGTATAAAC,AACATGGAAATATCTACACCGCTATCTGTA,8
395,416,ATGGAAATATCTACACCGCTATCTGTATAAAC,ATATCTACACCGCTATCTGTA,11
382,416,ATGGAAATATCTACACCGCTATCTGTATAAAC,TATAAACATGGAAATATCTACACCGCTATCTGTA,12
384,416,ATGGAAATATCTACACCGCTATCTGTATAAAC,TAAACATGGAAATATCTACACCGCTATCTGTA,10
385,416,ATGGAAATATCTACACCGCTATCTGTATAAAC,AAACATGGAAATATCTACACCGCTATCTGTA,9
387,416,ATGGAAATATCTACACCGCTATCTGTATAAAC,ACATGGAAATATCTACACCGCTATCTGTA,7
394,416,ATGGAAATATCTACACCGCTATCTGTATAAAC,AATATCTACACCGCTATCTGTA,10
389,416,ATGGAAATATCTACACCGCTATCTGTATAAAC,ATGGAAATATCTACACCGCTATCTGTA,5
391,416,ATGGAAATATCTACACCGCTATCTGTATAAAC,GGAAATATCTACACCGCTATCTGTA,7
392,416,ATGGAAATATCTACACCGCTATCTGTATAAAC,GAAATATCTACACCGCTATCTGTA,8
393,416,ATGGAAATATCTACACCGCTATCTGTATAAAC,AAATATCTACACCGCTATCTGTA,9
390,416,ATGGAAATATCTACACCGCTATCTGTATAAAC,TGGAAATATCTACACCGCTATCTGTA,6
388,416,ATGGAAATATCTACACCGCTATCTGTATAAAC,CATGGAAATATCTACACCGCTATCTGTA,6
383,416,ATGGAAATATCTACACCGCTATCTGTATAAAC,ATAAACATGGAAATATCTACACCGCTATCTGTA,11
396,416,ATGGAAATATCTACACCGCTATCTGTATAAAC,TATCTACACCGCTATCTGTA,12
