seq	length	start	end	motif	rep_num	score	CIGAR
chr12_mat_hsa2a:14110848-14463880	353033	0	47	TACACTGCCATCTGTATAAACATGCAAATATCTACACCGCTATCTCTATAAACATGGAAATATC	1	40	2=1X2=1D1=3D1=2D1=9D1=1D13=1X8=1X4=2X2=1X3=1X2=1D/
chr12_mat_hsa2a:14110848-14463880	353033	47	69	ATGGAAATATCTACACCGCTATCTGTATAAAC	1	22	1D1=5D2=1D1=1D1=1D2=1D15=/
chr12_mat_hsa2a:14110848-14463880	353033	69	101	ATGGAAATATCTACACCGCTATCTCTATAAAC	1	27	6=1X3=1X7=1D1=1X1I11=/
chr12_mat_hsa2a:14110848-14463880	353033	101	133	ATGGAAATATCTACACCGCTATCTGTATAAAC	1	32	32=/
chr12_mat_hsa2a:14110848-14463880	353033	133	165	ATGGAAATATCTACACCGCTATCTCTATAAAC	1	32	32=/
chr12_mat_hsa2a:14110848-14463880	353033	165	197	ATGGAAATACCTACACCGCTATCTGTATAAAC	1	32	32=/
chr12_mat_hsa2a:14110848-14463880	353033	197	229	ATGGAAATATCTACACCGCTATCTGTATAAAC	1	29	1=1X16=1D1=1I12=/
chr12_mat_hsa2a:14110848-14463880	353033	229	261	ATGGAAATATCTACACCGCTATCTGTGTAAAC	1	31	10=1X21=/
chr12_mat_hsa2a:14110848-14463880	353033	261	293	ATGGAAATATCTACACCGCTATCTGTATAAAC	1	28	8=1X4=1X2=1X1=1X13=/
chr12_mat_hsa2a:14110848-14463880	353033	293	325	ATGGAAATATCTACACCACTATCTGTATAAAC	1	29	9=1I1=1D13=1X7=/
chr12_mat_hsa2a:14110848-14463880	353033	325	357	ATGGAAATATCTACACCGCCATCTGTAAAAAC	1	31	27=1X4=/
chr12_mat_hsa2a:14110848-14463880	353033	357	389	ATGGAAATACCTACACCGCTATCTGTGTAAAC	1	27	13=1X2=1X1=1D1=1I3=1X8=/
chr12_mat_hsa2a:14110848-14463880	353033	389	421	ATGGAAATATCTACACCACCATCTGTATAAAC	1	32	32=/
chr12_mat_hsa2a:14110848-14463880	353033	421	453	ATGGAAATATCTACACTGCCATCTGTATAAAC	1	30	15=1X13=1X2=/
chr12_mat_hsa2a:14110848-14463880	353033	453	485	ATGGAAATACCTACACCGCTATCTGTGTAAAC	1	28	16=1X2=1X9=1X1=1X/
chr12_mat_hsa2a:14110848-14463880	353033	485	517	ATGGAAATATCTACACCGCCATCTGTAAAAAC	1	29	7=1X3=1X15=1X4=/
chr12_mat_hsa2a:14110848-14463880	353033	517	549	ATGGAAATATCTACACCGCTATCTCTATAAAC	1	30	6=1X9=1X15=/
chr12_mat_hsa2a:14110848-14463880	353033	549	581	ATGGAAATATCTACACTGCCATCTGTATAAAC	1	30	19=2X11=/
chr12_mat_hsa2a:14110848-14463880	353033	581	613	ATGGAAATATCTACACCGCTATCTGTATAAAC	1	31	18=1X13=/
chr12_mat_hsa2a:14110848-14463880	353033	613	641	GATGGAAATATCTACACCACAATCTGTGCAAT	1	26	1D18=2X6=2D1=1D1=/
chr12_mat_hsa2a:14110848-14463880	353033	641	688	TACACTGCCATCTGTATAAACATGCAAATATCTACACCGCTATCTCTATAAACATGGAAATATC	1	42	1X1=1D2=4D2=1X1D1=1D1=1D2=3D1=2D1=2D3=2D5=1X3=1X2=1X18=/
chr12_mat_hsa2a:14110848-14463880	353033	688	709	ATGGAAATACCTACACCGCTATCTCTATAAAC	1	20	1D2=1X1=2D1=1D1=2D2=5D13=/
chr12_mat_hsa2a:14110848-14463880	353033	709	741	ATGGAAATATCTACACTGACATCTGTATAAAC	1	29	12=1X2=2X15=/
chr12_mat_hsa2a:14110848-14463880	353033	741	801	ACACATGGAAATACCTACACCGCTATCTGTATAAACATGGAAATATCTACACTGCCATCTGTAT	1	51	1=4D15=2X1D1=1I2=1X4=2X5=2X24=/
chr12_mat_hsa2a:14110848-14463880	353033	801	848	TACACTGCCATCTGTATAAACATGCAAATATCTACACCGCTATCTCTATAAACATGGAAATATC	1	42	1D1=1D1=5D1=1D1=3D3=5D1=1D12=1X2=2X3=1X6=1X11=/
chr12_mat_hsa2a:14110848-14463880	353033	848	902	TGGAAGTAGCCACACCGCTATCTGTATATACATGGAAATATCTACACCGCTATCTCTATAAACA	1	50	2=1X1=2D3=7D2=1D6=1X2=1X14=1X20=/
chr12_mat_hsa2a:14110848-14463880	353033	902	933	ATGGAAATACCTACACCGCTATCTCTATAAAC	1	30	1D19=1X11=/
chr12_mat_hsa2a:14110848-14463880	353033	933	997	ATGGAAATATCTACACCGCTATCTGTATAAAC	2	61	10=1X11=1X9=/8=1X23=/
chr12_mat_hsa2a:14110848-14463880	353033	997	1029	ATGGAAATATCTACACCGCTATCTGTGTAAAC	1	31	19=1X12=/
chr12_mat_hsa2a:14110848-14463880	353033	1029	1125	ATGGAAATATCTACACCGCTATCTGTATAAAC	3	92	19=1X11=1X/12=1X6=1X12=/32=/
chr12_mat_hsa2a:14110848-14463880	353033	1125	1157	ATGGAAATATCTACACCACCATCTGTATAAAC	1	29	4=1X11=1X7=1X7=/
chr12_mat_hsa2a:14110848-14463880	353033	1157	1189	ATGGAAATATCTACACCGCTATCTCTATAAAC	1	31	11=1X20=/
chr12_mat_hsa2a:14110848-14463880	353033	1189	1221	ATGGAAATATCTACACCGCTATCTGTGTAAAC	1	28	14=1X3=1D1=1I10=1X1=/
chr12_mat_hsa2a:14110848-14463880	353033	1221	1252	ATGGAAATATCTACACCGCCATCTGTAAAAAC	1	29	18=1X8=1X3=1D/
chr12_mat_hsa2a:14110848-14463880	353033	1252	1283	GATGGAAATATCTACACCACAATCTGTGCAAT	1	27	7=1X2=1X7=1X5=1X6=1D/
chr12_mat_hsa2a:14110848-14463880	353033	1283	1328	TACACTGCCATCTGTATAAACATGCAAATATCTACACCGCTATCTCTATAAACATGGAAATATC	1	44	1D1=1D1=5D1=1D1=1D1=9D1=1D22=1X16=/
chr12_mat_hsa2a:14110848-14463880	353033	1328	1349	ATGCAAATATCTACACCGCTATCTGTATAAAC	1	21	3D2=2D4=6D15=/
chr12_mat_hsa2a:14110848-14463880	353033	1349	1381	ATGGAAATATCTACACCGCTATCTGTGTAAAC	1	30	1=1X17=1X12=/
chr12_mat_hsa2a:14110848-14463880	353033	1381	1413	ATGGAAATATCTACACCGCCATCTGAATAAAC	1	31	1X31=/
chr12_mat_hsa2a:14110848-14463880	353033	1413	1445	ATGGAAATATCTACACCGCTATCTGTATAAAT	1	32	32=/
chr12_mat_hsa2a:14110848-14463880	353033	1445	1477	ATGGAAATATCTACACCGCTATCTCTATAAAC	1	27	10=1X2=1X1=1X4=1X4=1X6=/
chr12_mat_hsa2a:14110848-14463880	353033	1477	1509	ATGGAAATATCTACACCGCTATCTGTATAAAC	1	30	7=1X4=1X19=/
chr12_mat_hsa2a:14110848-14463880	353033	1509	1540	ATGGAAATATCTACACCACTATCTGTATAAAC	1	29	16=1X7=1X5=1D1=/
chr12_mat_hsa2a:14110848-14463880	353033	1540	1584	TACACTGCCATCTGTATAAACATGCAAATATCTACACCGCTATCTCTATAAACATGGAAATATC	1	40	2D2=1D2=6D1=1D1=1D2=3D1=2D1=2D1=2D9=1X4=1X5=2X11=/
chr12_mat_hsa2a:14110848-14463880	353033	1584	1638	TGGAAATATCTACACAGCCATCTGTATAAACATGCAAATATCTACACCGCTATCTCTATAAACA	1	47	9D2=1D2=1X2=1X8=1X7=1X12=1X2=1X10=1X2=/
chr12_mat_hsa2a:14110848-14463880	353033	1638	1669	ATGGAAATATCTACACTGCCATCTCCATAAAC	1	27	1D2=1X11=1I1=1D11=1X3=/
chr12_mat_hsa2a:14110848-14463880	353033	1669	1701	ATGGAAATATCTACACCACCATCTGTATAAAC	1	29	6=1X14=1X4=1X5=/
chr12_mat_hsa2a:14110848-14463880	353033	1701	1733	ATGGAAATATCTACACCGCTATCTGTATAAAC	1	32	32=/
chr12_mat_hsa2a:14110848-14463880	353033	1733	1764	ATGGAAATATCTACACTGCCATCTGTATAAAC	1	31	31=1D/
chr12_mat_hsa2a:14110848-14463880	353033	1764	1793	GATGGAAATATCTACACCACAATCTGTGCAAT	1	26	18=1X1=1X1=1X4=2D1=1D1=/
chr12_mat_hsa2a:14110848-14463880	353033	1793	1839	TACACTGCCATCTGTATAAACATGCAAATATCTACACCGCTATCTCTATAAACATGGAAATATC	1	43	1X1=1D2=4D2=2D1=9D1=1D15=1X4=1X16=1D1=/
chr12_mat_hsa2a:14110848-14463880	353033	1839	1860	TTGGAAATATCTACACCGCTATCTGCATAAAC	1	21	4D2=4D1=1D2=1D1=1D15=/
chr12_mat_hsa2a:14110848-14463880	353033	1860	1892	ATGGAAATATCTACACCGCTATCTGTATAAAC	1	30	2=1X25=1X3=/
chr12_mat_hsa2a:14110848-14463880	353033	1892	1956	ATGGAAATACCTACACCGCTATCTCTATAAAC	2	58	32=/1X2=1I3=1D9=1X2=1I1=1D11=/
chr12_mat_hsa2a:14110848-14463880	353033	1956	1988	ATGGAAATATCTACACCGCTATCTCTATAAAC	1	31	6=1X25=/
chr12_mat_hsa2a:14110848-14463880	353033	1988	2020	ATGGAAATATCTACACTGCCATCTGTATAAAC	1	27	2=1X7=1X5=1X7=1X3=1X3=/
chr12_mat_hsa2a:14110848-14463880	353033	2020	2052	ATGGAAATATCTACACCACCATCTGTATAAAC	1	30	14=1X10=1X6=/
chr12_mat_hsa2a:14110848-14463880	353033	2052	2084	ATGGAAATATCTACACCGCCATCTGTAAAAAC	1	31	27=1X4=/
chr12_mat_hsa2a:14110848-14463880	353033	2084	2148	ATGGAAATATCTACACCGCTATCTCTATAAAC	2	62	32=/2=1X16=1X12=/
chr12_mat_hsa2a:14110848-14463880	353033	2148	2180	ATGGAAATATCTACACCACCATCTGTATAAAC	1	29	1=1X15=1X4=1X9=/
chr12_mat_hsa2a:14110848-14463880	353033	2180	2212	ATGGAAATATCTACACTGCCATCTGTATAAAC	1	28	2=1X6=1X17=1X3=1X/
chr12_mat_hsa2a:14110848-14463880	353033	2212	2244	ATGGAAATATCTACACCGCTATCTGTATAAAC	1	29	8=1X10=1X7=1X4=/
chr12_mat_hsa2a:14110848-14463880	353033	2244	2308	ATGGAAATATCTACACCGCTATCTGTATAAAT	2	59	7=1X7=1X5=1X2=1X7=/1=1X30=/
chr12_mat_hsa2a:14110848-14463880	353033	2308	2340	ATGGAAATATCTACACCACCATCTGTATAAAC	1	29	18=2X4=1X7=/
chr12_mat_hsa2a:14110848-14463880	353033	2340	2436	ATGGAAATATCTACACCGCTATCTGTATAAAC	3	91	15=1X6=1X9=/13=1X18=/9=1X9=1X12=/
chr12_mat_hsa2a:14110848-14463880	353033	2436	2468	ATGGAAATATCTACACTGCCATCTGTATAAAC	1	30	3=1X25=1X2=/
chr12_mat_hsa2a:14110848-14463880	353033	2468	2499	ATGGAAATATCTACACCGCTATCTGTATAAAT	1	29	16=1X2=1X11=1D/
chr12_mat_hsa2a:14110848-14463880	353033	2499	2542	TACACTGCCATCTGTATAAACATGCAAATATCTACACCGCTATCTCTATAAACATGGAAATATC	1	42	2D2=1D2=6D1=1D1=1D2=3D1=2D1=2D3=2D20=1X8=1D1=/
chr12_mat_hsa2a:14110848-14463880	353033	2542	2564	ATGGAAATATCTACACTGCCATCTGTATAAAC	1	20	1X3D2=4D1=1D2=2D3=1X12=/
chr12_mat_hsa2a:14110848-14463880	353033	2564	2595	ATGGAAATATCTACACCGCTATCTGTATAAAT	1	28	9=1X2=1X3=1X14=1D/
chr12_mat_hsa2a:14110848-14463880	353033	2595	2638	TACACTGCCATCTGTATAAACATGCAAATATCTACACCGCTATCTCTATAAACATGGAAATATC	1	41	2D2=1D2=6D1=1D1=1D1=2D1=1D1=2D1=2D1=2D14=1X7=1X9=1D/
chr12_mat_hsa2a:14110848-14463880	353033	2638	2660	ATGGAAATATCTACACCACTATCTGTATAAAC	1	22	2D1=4D1=2D4=1D1=1D15=/
chr12_mat_hsa2a:14110848-14463880	353033	2660	2692	ATGGAAATACCTACACCGCTATCTGTATAAAC	1	28	1=1X2=1X7=1X4=1X14=/
chr12_mat_hsa2a:14110848-14463880	353033	2692	2724	ATGGAAATATCTACACCACTATCTGTATAAAC	1	30	12=1X11=1X7=/
chr12_mat_hsa2a:14110848-14463880	353033	2724	2756	ATGGAAATATCTACACCGCTATCTCTATAAAC	1	32	32=/
chr12_mat_hsa2a:14110848-14463880	353033	2756	2788	TTGGAAATATCTACACCGCTATCTGCATAAAC	1	29	12=1X1=1X10=1X6=/
chr12_mat_hsa2a:14110848-14463880	353033	2788	2820	ATGGAAATATCTACACTGACATCTGTATAAAC	1	29	1X8=1X9=1X12=/
chr12_mat_hsa2a:14110848-14463880	353033	2820	2852	ATGGAAATACCTACACCGCTATCTGTATAAAC	1	30	9=1X5=1X16=/
chr12_mat_hsa2a:14110848-14463880	353033	2852	2884	ATGGAAATATCTCCACCGCTATCTCTATAAAC	1	32	32=/
chr12_mat_hsa2a:14110848-14463880	353033	2884	2916	ATGGAAATATCTACACCTCCATCTGTATAAAC	1	29	1=1X13=1X7=1X8=/
chr12_mat_hsa2a:14110848-14463880	353033	2916	2947	ATGGAAATATCTACACTGCCATCTGTATAAAC	1	27	4=1I3=1D1=1D3=1X15=1X2=/
chr12_mat_hsa2a:14110848-14463880	353033	2947	2979	ATGGAAATATCTACACCGCCATCTGTAAAAAC	1	30	16=1X6=1X8=/
chr12_mat_hsa2a:14110848-14463880	353033	2979	3011	ATGGAAATATCTACACCGCTATCTGTATAAAT	1	29	19=1X4=1X1=1X5=/
chr12_mat_hsa2a:14110848-14463880	353033	3011	3041	ATGGAAATACCTACACCGCTATCTGTATAAAC	1	26	1X7=1X2D11=1I1=1D8=/
chr12_mat_hsa2a:14110848-14463880	353033	3041	3069	GATGGAAATATCTACACCACAATCTGTGCAAT	1	24	1D3=1X6=1X7=2X5=2D2=1D1=/
chr12_mat_hsa2a:14110848-14463880	353033	3069	3115	TACACTGCCATCTGTATAAACATGCAAATATCTACACCGCTATCTCTATAAACATGGAAATATC	1	41	1X1=1D2=4D2=2D1=9D1=1D12=1X7=1X2=1X4=1X9=1D/
chr12_mat_hsa2a:14110848-14463880	353033	3115	3137	ATGGAAATATCTACACCGCTATCTGTGTAAAC	1	21	2D3=5D1=1D1=1D2=1D1=1X13=/
chr12_mat_hsa2a:14110848-14463880	353033	3137	3169	ATGCAAATATCTACACCGCCATCTGTATAAAC	1	31	3=1X28=/
chr12_mat_hsa2a:14110848-14463880	353033	3169	3201	ATGGAAATATCTACACCTCCATCTGTATAAAC	1	26	4=1X1=1X5=1X3=1X2=1X7=1X4=/
chr12_mat_hsa2a:14110848-14463880	353033	3201	3233	ATGGAAATATCTCCACCGCTATCTCTATAAAC	1	31	24=1X7=/
chr12_mat_hsa2a:14110848-14463880	353033	3233	3329	ATGGAAATATCTACACCGCTATCTGTATAAAT	3	94	10=1X21=/32=/16=1X15=/
chr12_mat_hsa2a:14110848-14463880	353033	3329	3361	ATGGAAATATCTACACCGCTATCTGTGTAAAC	1	29	2=1X12=1X11=1X4=/
chr12_mat_hsa2a:14110848-14463880	353033	3361	3393	ATGGAAATACCTACACCGCTATCTGTGTAAAC	1	31	31=1X/
chr12_mat_hsa2a:14110848-14463880	353033	3393	3457	ATGGAAATATCTACACCGCTATCTGTGTAAAC	2	61	19=1X7=1X3=1X/32=/
chr12_mat_hsa2a:14110848-14463880	353033	3457	3519	ATGGAAATATCTACACCGCTATCTGTATAAAC	2	59	11=1D1=1I19=/1=1X9=2D19=/
chr12_mat_hsa2a:14110848-14463880	353033	3519	3551	ATGGAAATATCTACACCGCCATCTGTAAAAAC	1	30	1=1X25=1X4=/
chr12_mat_hsa2a:14110848-14463880	353033	3551	3581	ATGGAAATATCTCCACCGCTATCTGTATGAAC	1	27	12=3X13=1D2=1D/
chr12_mat_hsa2a:14110848-14463880	353033	3581	3626	TACACTGCCATCTGTATAAACATGCAAATATCTACACCGCTATCTCTATAAACATGGAAATATC	1	41	1D1=1X1=1D2=6D1=1D1=1D2=1X1D2=2D1=2D2=1D1=1D1=1D1=1X1D3=1X22=/
chr12_mat_hsa2a:14110848-14463880	353033	3626	3647	ATGGAAATATCTACACCGCTATCTGTATAAAC	1	21	1D2=7D1=1D2=1D1=1D15=/
chr12_mat_hsa2a:14110848-14463880	353033	3647	3679	ATGGAAATATCTACACCGCTATCTCTATAAAC	1	29	1X2=1X13=1X14=/
chr12_mat_hsa2a:14110848-14463880	353033	3679	3711	ATGGAAATATCTACACCGCTATCTGTATAAAT	1	30	19=1X10=1X1=/
chr12_mat_hsa2a:14110848-14463880	353033	3711	3743	ATGGAAATATCTACACTGACATCTGTATAAAC	1	27	12=1X2=2X1=1X12=1X/
chr12_mat_hsa2a:14110848-14463880	353033	3743	3775	ATGGAAATATCTACACCGCTATCTCTATAAAC	1	31	19=1X12=/
chr12_mat_hsa2a:14110848-14463880	353033	3775	3807	ATGGAAATATCTACACTGCCATCTCCATAAAC	1	28	3=1X12=1X1=1X9=1X3=/
chr12_mat_hsa2a:14110848-14463880	353033	3807	3839	ATGGAAATATCTACACCACCATCTGTATAAAC	1	30	21=1X4=1X5=/
chr12_mat_hsa2a:14110848-14463880	353033	3839	3871	ATGGAAATATCTACACCGCTATCTGTATAAAC	1	31	24=1X7=/
chr12_mat_hsa2a:14110848-14463880	353033	3871	3903	ATGGAAATATCTACACTGCCATCTGTATAAAC	1	30	1=1X29=1X/
chr12_mat_hsa2a:14110848-14463880	353033	3903	3967	ATGGAAATATCTACACCGCTATCTGTATAAAC	2	61	18=1D1=1I1=1X10=/32=/
chr12_mat_hsa2a:14110848-14463880	353033	3967	3999	ATGGAAATACCTACACCGCTATCTGTATAAAC	1	30	11=1X4=1X15=/
chr12_mat_hsa2a:14110848-14463880	353033	3999	4030	ATGGAAATATCTACACCGCTATCTGTATAAAT	1	27	9=1X6=1X7=1X3=1X2=1D/
chr12_mat_hsa2a:14110848-14463880	353033	4030	4073	TACACTGCCATCTGTATAAACATGCAAATATCTACACCGCTATCTCTATAAACATGGAAATATC	1	39	2D1=1D3=6D1=1D1=1D2=3D1=2D1=2D1=2D16=1X5=1X2=1I3=1D2=1D1=/
chr12_mat_hsa2a:14110848-14463880	353033	4073	4095	ATGCAAATATCTACACCGCCATCTGTATAAAC	1	20	3D1=3D2=1D1=1D2=1D1=1D3=1X3=1X7=/
chr12_mat_hsa2a:14110848-14463880	353033	4095	4125	ATGGAAATATCTACACCGCTATCTCTATAAAC	1	29	3=1D1=1X1D25=/
chr12_mat_hsa2a:14110848-14463880	353033	4125	4157	ATGGAAATATCTACACTGCCATCTCCATAAAC	1	28	2=1X7=1X4=2X15=/
chr12_mat_hsa2a:14110848-14463880	353033	4157	4189	ATGGAAATATCTACACCACCATCTGTATAAAC	1	29	14=1X1=1X8=1X6=/
chr12_mat_hsa2a:14110848-14463880	353033	4189	4221	ATGGAAATACCTACACCGCTATCTGTATAAAC	1	31	19=1X12=/
chr12_mat_hsa2a:14110848-14463880	353033	4221	4253	GTGGAAATATCTACACCGCTATCTCTATAAAC	1	31	1X31=/
chr12_mat_hsa2a:14110848-14463880	353033	4253	4285	ATGGAAATATCTACACCGCTATCTCTATAAAC	1	29	2=1X12=1X3=1X12=/
chr12_mat_hsa2a:14110848-14463880	353033	4285	4349	ATGGAAATATCTACACTGCCATCTGTATAAAC	2	58	1=1X14=1X15=/1=2X24=1X3=1X/
chr12_mat_hsa2a:14110848-14463880	353033	4349	4381	ATGCAAATATCTACACCGCTATCTGTATAAAC	1	26	8=1I1=1D2=1X5=1D1=1I8=1X3=/
chr12_mat_hsa2a:14110848-14463880	353033	4381	4413	ATGGAAATATCTACATCGCTATCTGTATAAAT	1	30	15=1X5=1X10=/
chr12_mat_hsa2a:14110848-14463880	353033	4413	4445	ATGGAAATATCTACACCGCTATCTGTATAAAC	1	31	1=1X30=/
chr12_mat_hsa2a:14110848-14463880	353033	4445	4473	GATGGAAATATCTACACCACAATCTGTGCAAT	1	25	1D18=1D1=1I2=1D1=1D1=1D1=1X2=/
chr12_mat_hsa2a:14110848-14463880	353033	4473	4520	TACACTGCCATCTGTATAAACATGCAAATATCTACACCGCTATCTCTATAAACATGGAAATATC	1	41	1X1=1D2=4D1=1D1=1D1=9D1=1D17=1D1=1I1=1X6=1I2=1D9=/
chr12_mat_hsa2a:14110848-14463880	353033	4520	4541	ATGGAAATACCTACACCGCTATCTGTATAAAC	1	21	1D1=2D3=2D2=6D15=/
chr12_mat_hsa2a:14110848-14463880	353033	4541	4572	ATGGAAATATCTACATCGCTATCTGTATAAAT	1	29	9=1X9=1X11=1D/
chr12_mat_hsa2a:14110848-14463880	353033	4572	4616	TACACTGCCATCTGTATAAACATGCAAATATCTACACCGCTATCTCTATAAACATGGAAATATC	1	41	2D2=1D2=6D1=1D1=1D2=3D1=2D1=2D1=2D5=2X13=1X12=/
chr12_mat_hsa2a:14110848-14463880	353033	4616	4637	ATGGAAATATCTACACCACCATCTGTATAAAC	1	20	1D1=5D2=3D2=1D1=1D1=1X13=/
chr12_mat_hsa2a:14110848-14463880	353033	4637	4669	ATGGAAATACCTACACCGCTATCTGTGTAAAC	1	26	4=1X4=1X1=1X4=1X1=1D1=1I12=/
chr12_mat_hsa2a:14110848-14463880	353033	4669	4701	ATGGAAATATCTACACCACCATCTGTATAAAC	1	31	1X31=/
chr12_mat_hsa2a:14110848-14463880	353033	4701	4733	ATGGAAATATCTACACCGCCATCTGAATAAAC	1	28	11=1X6=2X6=1X5=/
chr12_mat_hsa2a:14110848-14463880	353033	4733	4764	ATGGAAATATCTACACCACCATCTGTATAAAC	1	29	19=1X6=1X4=1D/
chr12_mat_hsa2a:14110848-14463880	353033	4764	4797	GATGGAAATATCTACACCACAATCTGTGCAAT	1	29	23=1X5=1I2=1X/
chr12_mat_hsa2a:14110848-14463880	353033	4797	4828	ATGGAAATATCTACACCACTATCTGTATAAAC	1	29	1X25=1X4=1D/
chr12_mat_hsa2a:14110848-14463880	353033	4828	4861	GATGGAAATATCTACACCACAATCTGTGCAAT	1	29	18=1X10=1I2=1X/
chr12_mat_hsa2a:14110848-14463880	353033	4861	4925	ATGGAAATATCTACACCGCTATCTGTATAAAC	2	59	1X13=1X3=1D1=1I12=/15=1X16=/
chr12_mat_hsa2a:14110848-14463880	353033	4925	4956	ATGGAAATATCTACACCGCTATCTGTATAAAT	1	28	1X14=1X2=1X12=1D/
chr12_mat_hsa2a:14110848-14463880	353033	4956	5000	TACACTGCCATCTGTATAAACATGCAAATATCTACACCGCTATCTCTATAAACATGGAAATATC	1	41	2D1=3D1=3D1=2D1=9D1=1D16=1X3=1X7=1X10=/
chr12_mat_hsa2a:14110848-14463880	353033	8929	9000	ACACATGGAAATACCTACACCGCTATCTGTATAAACATGGAAATATCTACACTGCCATCTGTAT	1	40	2I1=1I1=3I1=4I10=1X8=2X5=1D1=1I5=1X4=2X8=1I1=1D1=1X6=3D/
chr12_mat_hsa2a:14110848-14463880	353033	12938	13000	TGGAAATATCTACACAGCCATCTGTATAAACATGCAAATATCTACACCGCTATCTCTATAAACA	1	52	8=1X6=1X7=1X4=1X5=1X8=1X3=1X2=1X4=1X3=1X2=2D/
chr12_mat_hsa2a:14110848-14463880	353033	16942	17000	TACACTGCCATCTGTATAAACATGCAAATATCTACACCGCTATCTCTATAAACATGGAAATATC	1	49	5=1X2=1X4=2X3=1X5=1X5=1X3=1X13=1X9=6D/
chr12_mat_hsa2a:14110848-14463880	353033	20952	21000	ACACATGGAAATACCTACACCGCTATCTGTATAAACATGGAAATATCTACACTGCCATCTGTAT	1	45	2=1D9=2X5=1X25=3D2=2D1=3D1=7D/
chr12_mat_hsa2a:14110848-14463880	353033	24950	25000	ACACATGGAAATACCTACACCGCTATCTGTATAAACATGGAAATATCTACACTGCCATCTGTAT	1	47	1=1X11=1X25=1D3=1D2=1X1=1D1=2D1=1D2=8D/
chr12_mat_hsa2a:14110848-14463880	353033	28949	29000	ACACATGGAAATACCTACACCGCTATCTCTATAAACATGGAAATATCTACACTGCCATCTGTAT	1	47	1=1X11=2X8=1X24=1D1=1D1=4D1=7D/
chr12_mat_hsa2a:14110848-14463880	353033	32948	33000	ACACATGGAAATACCTACACCGCTATCTGTATAAACATGGAAATATCTACACTGCCATCTGTAT	1	50	1=1D11=1X5=1X33=11D/
chr12_mat_hsa2a:14110848-14463880	353033	36944	37000	ACACATGGAAATACCTACACCGCTATCTCTATAAACATGGAAATATCTACACTGCCATCTGTAT	1	50	1=1D11=1I2=1D6=1I1=1D4=1X22=1D2=1X1=1D1=4D1=1D/
chr12_mat_hsa2a:14110848-14463880	353033	40936	41000	ACACATGGAAATACCTACACCGCTATCTGTATAAACATGGAAATATCTACACTGCCATCTGTAT	1	55	1=1X11=1X11=1X23=1X1=1D1=1I1=2X2=1X5=/
chr12_mat_hsa2a:14110848-14463880	353033	44952	45000	ACACATGGAAATACCTACACCGCTATCTGTATAAACATGGAAATATCTACACTGCCATCTGTAT	1	42	1=1D9=1X1=1X3=1X2=1X1=1X13=1X12=15D/
chr12_mat_hsa2a:14110848-14463880	353033	48948	49000	ACACATGGAAATACCTACACCGCTATCTGTATAAACATGGAAATATCTACACTGCCATCTGTAT	1	44	1=1X12=1X5=1X1=1D1=1I9=1X3=1X7=1X6=12D/
chr12_mat_hsa2a:14110848-14463880	353033	52938	53000	TGGAAATATCTACACAGCCATCTGTATAAACATGCAAATATCTACACCGCTATCTCTATAAACA	1	55	18=1X4=1X4=1X5=1X5=1X7=1X6=1X6=2D/
chr12_mat_hsa2a:14110848-14463880	353033	56945	57000	TACACTGCCATCTGTATAAACATGCAAATATCTACACCGCTATCTCTATAAACATGGAAATATC	1	47	5=1X2=1X4=1X1=1X8=1X15=1X4=1X4=1X4=9D/
chr12_mat_hsa2a:14110848-14463880	353033	60949	61000	ACACATGGAAATACCTACACCGCTATCTGTATAAACATGGAAATATCTACACTGCCATCTGTAT	1	49	1=1D11=1X9=1X25=3D1=3D1=5D1=1D/
chr12_mat_hsa2a:14110848-14463880	353033	68971	69000	ATGGAAATATCTACACCGCCATTTGTAAAAAT	1	21	1=1X2=1X1=1D3=1X1=1D1=1X2=1D1=1D4=1X1I6=1X/
chr12_mat_hsa2a:14110848-14463880	353033	86016	86153	ACACATGGAAATACCTACACCGCTATCTGTATAAACATGGAAATATCTACACTGCCATCTGTAT	1	57	1=1X1=73N10=1X7=1X30=2X1=2X7=/
chr12_mat_hsa2a:14110848-14463880	353033	92686	92741	TACACTGCCATCTGTATAAACATGCAAATATCTACACCGCTATCTCTATAAACATGGAAATATC	1	47	5=1X7=1X10=1X7=2X2=1X2=1X5=1X9=9D/
chr12_mat_hsa2a:14110848-14463880	353033	97397	97454	TACACTGCCATCTGTATAAACATGCAAATATCTACACCGCTATCTCTATAAACATGGAAATATC	1	45	3=1X1=2X1=1X3=2X1=1X8=1X7=1X12=1X2=1D2=1I6=7D/
chr12_mat_hsa2a:14110848-14463880	353033	102442	102503	ACACATGGAAATACCTACACCGCTATCTGTATAAACATGGAAATATCTACACTGCCATCTGTAT	1	53	2=1D10=1X1=1X4=1X2=1X3=1X9=1X14=1X1=1X7=2D/
chr12_mat_hsa2a:14110848-14463880	353033	109644	109707	TGGAAATATCTACACAGCCATCTGTATAAACATGCAAATATCTACACCGCTATCTCTATAAACA	1	48	11=1X3=1I1=1D1=1X6=1X4=1X2=1I1=1D8=1X2=1X3=1X4=1X1=2X3=1X1D/
chr12_mat_hsa2a:14110848-14463880	353033	114126	114181	TACACTGCCATCTGTATAAACATGCAAATATCTACACCGCTATCTCTATAAACATGGAAATATC	1	53	5=1X18=1X30=9D/
chr12_mat_hsa2a:14110848-14463880	353033	120311	120374	TACACTGCCATCTGTATAAACATGCAAATATCTACACCGCTATCTCTATAAACATGGAAATATC	1	53	1=1X3=1X2=1X6=1X7=2X11=2X7=1X12=1X4=1D/
chr12_mat_hsa2a:14110848-14463880	353033	124310	124374	TACACTGCCATCTGTATAAACATGCAAATATCTACACCGCTATCTCTATAAACATGGAAATATC	1	57	5=1X2=1X1=1X13=1X15=1X4=1I1=1D17=/
chr12_mat_hsa2a:14110848-14463880	353033	128318	128374	TACACTGCCATCTGTATAAACATGCAAATATCTACACCGCTATCTCTATAAACATGGAAATATC	1	45	5=1I1=1D1=1X10=1X1=1X2=1X2=1X2=1X1=1X5=1X6=1X10=8D/
chr12_mat_hsa2a:14110848-14463880	353033	132316	132374	TACACTGCCATCTGTATAAACATGCAAATATCTACACCGCTATCTCTATAAACATGGAAATATC	1	50	5=1X1=1X16=1X11=1X1=2X5=2X11=6D/
chr12_mat_hsa2a:14110848-14463880	353033	136310	136374	TACACTGCCATCTGTATAAACATGCAAATATCTACACCGCTATCTCTATAAACATGGAAATATC	1	54	1X4=1X5=1X1=1X10=1X5=1I1=1D5=1X2=1X4=1X18=/
chr12_mat_hsa2a:14110848-14463880	353033	140322	140374	ACACATGGAAATACCTACACCGCTATCTGTATAAACATGGAAATATCTACACTGCCATCTGTAT	1	48	1=1X11=1X20=2X16=12D/
chr12_mat_hsa2a:14110848-14463880	353033	144319	144374	TACACTGCCATCTGTATAAACATGCAAATATCTACACCGCTATCTCTATAAACATGGAAATATC	1	48	5=1X7=1X10=1X5=1X7=1X1=1X4=1X9=9D/
chr12_mat_hsa2a:14110848-14463880	353033	148316	148374	TACACTGCCATCTGTATAAACATGCAAATATCTACACCGCTATCTCTATAAACATGGAAATATC	1	49	1D2=1X1=1X2=1X4=1X3=1X6=1X18=1X1=1X6=1X6=5D/
chr12_mat_hsa2a:14110848-14463880	353033	152321	152374	ACACATGGAAATACCTACACCGCTATCTGTATAAACATGGAAATATCTACACTGCCATCTGTAT	1	49	1=1D7=1X3=1X7=1X1=1X30=10D/
chr12_mat_hsa2a:14110848-14463880	353033	156314	156374	ACACATGGAAATACCTACACCGCTATCTGTATAAACATGGAAATATCTACACTGCCATCTGTAT	1	51	1=1X1=1X7=1X1=1X9=1X12=1X8=1X6=1X1=1X5=4D/
chr12_mat_hsa2a:14110848-14463880	353033	160314	160374	TGGAAATATCTACACAGCCATCTGTATAAACATGCAAATATCTACACCGCTATCTCTATAAACA	1	48	1=1X6=1X3=1X2=1I1=1D1=1X7=1X4=1X2=1X12=1X2=1X4=1X4=4D/
chr12_mat_hsa2a:14110848-14463880	353033	164313	164374	TGGAAATATCTACACAGCCATCTGTATAAACATGCAAATATCTACACCGCTATCTCTATAAACA	1	47	8=1X1=1X4=1X5=1X4=1X3=1X3=1X9=1X2=1X1=1D1=1I2=1X1=1I1=1D4=3D/
chr12_mat_hsa2a:14110848-14463880	353033	168315	168374	TACACTGCCATCTGTATAAACATGCAAATATCTACACCGCTATCTCTATAAACATGGAAATATC	1	54	24=1X6=1X5=1X2=1X7=1X10=5D/
chr12_mat_hsa2a:14110848-14463880	353033	172315	172374	TACACTGCCATCTGTATAAACATGCAAATATCTACACCGCTATCTCTATAAACATGGAAATATC	1	49	2=1X2=2X1=1X7=1X4=1X2=1X12=1X2=1X4=1X13=5D/
chr12_mat_hsa2a:14110848-14463880	353033	176311	176374	TACACTGCCATCTGTATAAACATGCAAATATCTACACCGCTATCTCTATAAACATGGAAATATC	1	52	1=1X1=1X1=1X7=1X1=1X8=1X15=1X2=1X1=1X2=1X3=1X10=1D/
chr12_mat_hsa2a:14110848-14463880	353033	180310	180374	TACACTGCCATCTGTATAAACATGCAAATATCTACACCGCTATCTCTATAAACATGGAAATATC	1	55	1=1X3=1X2=1X4=1X10=1X5=1X1=1X4=1X7=1X18=/
chr12_mat_hsa2a:14110848-14463880	353033	184326	184374	ACACATGGAAATACCTACACCGCTATCTCTATAAACATGGAAATATCTACACTGCCATCTGTAT	1	42	1=1X1D10=1X6=1X9=2X3=1X13=15D/
chr12_mat_hsa2a:14110848-14463880	353033	188324	188374	ACACATGGAAATACCTACACCGCTATCTGTATAAACATGGAAATATCTACACTGCCATCTGTAT	1	44	1D5=1X2=1X3=1X6=1X2=1X18=1X5=1D1=1D1=4D1=7D/
chr12_mat_hsa2a:14110848-14463880	353033	192322	192374	ACACATGGAAATACCTACACCGCTATCTGTATAAACATGGAAATATCTACACTGCCATCTGTAT	1	47	1=1X2=1X1=1X6=1X9=1X24=1D1=1D1=4D1=1D1=5D/
chr12_mat_hsa2a:14110848-14463880	353033	196323	196374	ACACATGGAAATACCTACACCGCTATCTCTATAAACATGGAAATATCTACACTGCCATCTGTAT	1	44	1=1D1=1X9=2X5=1X2=1X6=2X20=12D/
chr12_mat_hsa2a:14110848-14463880	353033	200322	200374	ACACATGGAAATACCTACACCGCTATCTGTATAAACATGGAAATATCTACACTGCCATCTGTAT	1	43	1=1X1=1X9=1X5=2X2=1X6=2X3=1X16=12D/
chr12_mat_hsa2a:14110848-14463880	353033	204321	204374	ACACATGGAAATACCTACACCGCTATCTCTATAAACATGGAAATATCTACACTGCCATCTGTAT	1	50	1=1D11=1X5=2X30=5D2=2D1=3D/
chr12_mat_hsa2a:14110848-14463880	353033	208318	208374	ACACATGGAAATACCTACACCGCTATCTGTATAAACATGGAAATATCTACACTGCCATCTGTAT	1	50	1=1D11=1X6=1X2=1X6=1X15=1X5=1X2=2D1=4D1=1D/
chr12_mat_hsa2a:14110848-14463880	353033	212311	212374	ACACATGGAAATACCTACACCGCTATCTCTATAAACATGGAAATATCTACACTGCCATCTGTAT	1	55	1=1D6=1X4=1I2=1D5=1X1=1X25=1X1=1X9=1X2=/
chr12_mat_hsa2a:14110848-14463880	353033	216314	216374	TGGAAATATCTACACAGCCATCTGTATAAACATGCAAATATCTACACCGCTATCTCTATAAACA	1	49	9=1X8=1X6=1X4=1X3=1D1=1I8=1X5=1X1=1X2=1X1=1X2=4D/
chr12_mat_hsa2a:14110848-14463880	353033	220313	220374	TACACTGCCATCTGTATAAACATGCAAATATCTACACCGCTATCTCTATAAACATGGAAATATC	1	52	3=1X3=2X15=1X7=1X1=1X4=1X5=1X7=1X7=3D/
chr12_mat_hsa2a:14110848-14463880	353033	224326	224374	ACACATGGAAATACCTACACCGCTATCTGTATAAACATGGAAATATCTACACTGCCATCTGTAT	1	44	1=1D11=2X7=1X14=1X11=15D/
chr12_mat_hsa2a:14110848-14463880	353033	228324	228374	ACACATGGAAATACCTACACCGCTATCTCTATAAACATGGAAATATCTACACTGCCATCTGTAT	1	45	1=1D1=2X8=1X2=1X3=1X30=13D/
chr12_mat_hsa2a:14110848-14463880	353033	232315	232374	ACACATGGAAATACCTACACCGCTATCTGTATAAACATGGAAATATCTACACTGCCATCTGTAT	1	54	1=1D11=1X6=1X2=1X6=1X5=1X23=4D/
chr12_mat_hsa2a:14110848-14463880	353033	236313	236374	ACACATGGAAATACCTACACCGCTATCTGTATAAACATGGAAATATCTACACTGCCATCTGTAT	1	52	1=1D8=1X2=1I2=1X1D7=1X21=1X5=2X4=1X2=1D1=1D/
chr12_mat_hsa2a:14110848-14463880	353033	240312	240374	ACACATGGAAATACCTACACCGCTATCTGTATAAACATGGAAATATCTACACTGCCATCTGTAT	1	53	1=1D11=1X3=1X2=1X14=1X9=1X3=1X2=1X2=1X4=1X2=1D/
chr12_mat_hsa2a:14110848-14463880	353033	244311	244374	ACACATGGAAATACCTACACCGCTATCTGTATAAACATGGAAATATCTACACTGCCATCTGTAT	1	54	1=1D4=1X5=2X6=1X27=1X2=1D2=1X1=1I4=1X3=/
chr12_mat_hsa2a:14110848-14463880	353033	248312	248374	TGGAAATATCTACACAGCCATCTGTATAAACATGCAAATATCTACACCGCTATCTCTATAAACA	1	51	11=1X3=1X2=1X2=1X1=1X10=1X8=1X3=1X1=1D1=1I4=1X4=2D2=/
chr12_mat_hsa2a:14110848-14463880	353033	252314	252374	TACACTGCCATCTGTATAAACATGCAAATATCTACACCGCTATCTCTATAAACATGGAAATATC	1	50	5=1I1=1D4=1X4=1X7=1X13=1X1=1I1=1D8=1X7=1X1=4D/
chr12_mat_hsa2a:14110848-14463880	353033	256316	256374	TACACTGCCATCTGTATAAACATGCAAATATCTACACCGCTATCTCTATAAACATGGAAATATC	1	48	1D1=1D2=1D15=1X2=1X5=1D1=1I3=1X1=2X1I2=1D3=1X15=3D/
chr12_mat_hsa2a:14110848-14463880	353033	260323	260374	ACACATGGAAATACCTACACCGCTATCTGTATAAACATGGAAATATCTACACTGCCATCTGTAT	1	44	1=1X2=1X8=1X7=1X13=2X4=1X6=1D1=1D1=4D1=7D/
chr12_mat_hsa2a:14110848-14463880	353033	264313	264374	ACACATGGAAATACCTACACCGCTATCTGTATAAACATGGAAATATCTACACTGCCATCTGTAT	1	53	1=1X11=1X15=1X5=2X6=1X11=1X4=1X3D/
chr12_mat_hsa2a:14110848-14463880	353033	268319	268374	TACACTGCCATCTGTATAAACATGCAAATATCTACACCGCTATCTCTATAAACATGGAAATATC	1	49	4=1I1=1D2=1X10=1X24=2X9=9D/
chr12_mat_hsa2a:14110848-14463880	353033	272320	272374	ACACATGGAAATACCTACACCGCTATCTGTATAAACATGGAAATATCTACACTGCCATCTGTAT	1	49	1=1X11=1X2=1X12=1X10=1X11=2D1=5D1=3D/
chr12_mat_hsa2a:14110848-14463880	353033	276315	276374	ACACATGGAAATACCTACACCGCTATCTGTATAAACATGGAAATATCTACACTGCCATCTGTAT	1	53	1=1D11=1X3=1X26=1I1=1D6=1X2=1X4=4D/
chr12_mat_hsa2a:14110848-14463880	353033	280638	280698	TGGAAGTAGCCACACCGCTATCTGTATATACATGGAAATATCTACACCGCTATCTCTATAAACA	1	47	5=1X1=1D1=1X1=1I2=2X8=1X4=1X18=1I1=1X1=1D4=2D3=2X2D/
chr12_mat_hsa2a:14110848-14463880	353033	284641	284698	TACACTGCCATCTGTATAAACATGCAAATATCTACACCGCTATCTCTATAAACATGGAAATATC	1	47	4=3X7=1X9=1X6=1X8=1X1=1X2=1X4=1X6=7D/
chr12_mat_hsa2a:14110848-14463880	353033	288644	288698	ACACATGGAAATACCTACACCGCTATCTGTATAAACATGGAAATATCTACACTGCCATCTGTAT	1	48	1=1X2=1X8=2X1=1X2=1X32=2D1=5D1=3D/
chr12_mat_hsa2a:14110848-14463880	353033	292635	292698	ACACATGGAAATACCTACACCGCTATCTGTATAAACATGGAAATATCTACACTGCCATCTGTAT	1	57	1=1D13=1X5=1X3=1X29=2X6=1X/
chr12_mat_hsa2a:14110848-14463880	353033	296644	296698	ACACATGGAAATACCTACACCGCTATCTCTATAAACATGGAAATATCTACACTGCCATCTGTAT	1	50	3=1D1=1D5=1X1=1X7=1X30=1X2=2D1=6D/
chr12_mat_hsa2a:14110848-14463880	353033	300639	300698	ACACATGGAAATACCTACACCGCTATCTGTATAAACATGGAAATATCTACACTGCCATCTGTAT	1	53	1=1X8=1X2=1X9=1X28=1X2=1X3=5D/
chr12_mat_hsa2a:14110848-14463880	353033	304648	304698	ACACATGGAAATACCTACACCGCTATCTGTATAAACATGGAAATATCTACACTGCCATCTGTAT	1	44	1=1D11=2X6=1X3=1X2=1X11=1X10=13D/
chr12_mat_hsa2a:14110848-14463880	353033	308637	308698	ACACATGGAAATACCTACACCGCTATCTGTATAAACATGGAAATATCTACACTGCCATCTGTAT	1	57	1=1D13=1X8=1X27=1X7=1X1=2D/
chr12_mat_hsa2a:14110848-14463880	353033	312636	312698	ACACATGGAAATACCTACACCGCTATCTCTATAAACATGGAAATATCTACACTGCCATCTGTAT	1	57	1=1D5=1X5=2X12=1X32=1X2=1D/
chr12_mat_hsa2a:14110848-14463880	353033	316649	316698	ACACATGGAAATACCTACACCGCTATCTGTATAAACATGGAAATATCTACACTGCCATCTGTAT	1	43	1=1D11=1X6=1X1=1D1=1I7=1X3=1X14=14D/
chr12_mat_hsa2a:14110848-14463880	353033	320641	320698	ACACATGGAAATACCTACACCGCTATCTGTATAAACATGGAAATATCTACACTGCCATCTGTAT	1	45	1=1X1=1I1=1D8=1X6=1D1=1I1=1X7=1X12=2X5=2X1D1=2D2=3D1=1D/
chr12_mat_hsa2a:14110848-14463880	353033	324634	324698	ACACATGGAAATACCTACACCGCTATCTCTATAAACATGGAAATATCTACACTGCCATCTGTAT	1	56	1=1X11=1X13=1X19=1D1=1I1=1X1=1X2=1X8=/
chr12_mat_hsa2a:14110848-14463880	353033	328702	328759	TACACTGCCATCTGTATAAACATGCAAATATCTACACCGCTATCTCTATAAACATGGAAATATC	1	48	5=1X1=3X3=1X1=1X8=1X15=1X4=1X11=7D/
chr12_mat_hsa2a:14110848-14463880	353033	332697	332759	TACACTGCCATCTGTATAAACATGCAAATATCTACACCGCTATCTCTATAAACATGGAAATATC	1	53	5=1X1=2X1=1X13=1X13=1X2=1I1=1X2=1D16=2D/
chr12_mat_hsa2a:14110848-14463880	353033	336711	336759	ACACATGGAAATACCTACACCGCTATCTCTATAAACATGGAAATATCTACACTGCCATCTGTAT	1	44	1=1X11=1X14=1D1=1D1=1I17=15D/
chr12_mat_hsa2a:14110848-14463880	353033	340704	340759	ACACATGGAAATACCTACACCGCTATCTGTATAAACATGGAAATATCTACACTGCCATCTGTAT	1	48	1=1X5=1X5=1X6=1X1=1X18=1X10=1X1=6D1=3D/
chr12_mat_hsa2a:14110848-14463880	353033	344697	344759	ACACATGGAAATACCTACACCGCTATCTGTATAAACATGGAAATATCTACACTGCCATCTGTAT	1	59	1=1D11=1X12=1X28=1X7=1D/
chr12_mat_hsa2a:14110848-14463880	353033	348697	348759	TGGAAATATCTACACAGCCATCTGTATAAACATGCAAATATCTACACCGCTATCTCTATAAACA	1	53	15=1X7=1X10=1X5=1X3=1I1=1D2=1X1=1X4=1X2=1D3=1D1=/
chr12_mat_hsa2a:14110848-14463880	353033	352700	352759	TACACTGCCATCTGTATAAACATGCAAATATCTACACCGCTATCTCTATAAACATGGAAATATC	1	50	4=1X3=1X4=1X3=1X6=1X6=1X8=1X4=1X9=1X3=5D/
