seq	length	start	end	motif	actual_motif	CIGAR
R1_cons.11Jul21_CHM13	8312	0	1	AATCTGCAAGTGGATATTTGGACTGCTTTGAGGCCTTCGTTGGAAACGGGAATATCTTCACATAAAAACTAGACAGAAGCATTCTCAGAAACTTCTTTGTGATGTGTGCATTCAACTCACAGAGTTGAACCTTTCTTTTGATAGAGCAGTTTTGAAACACTCTTTTTGTAG	A	1=170D
R1_cons.11Jul21_CHM13	8312	1	172	AATCTGCAAGTGGATATTTGGACTGCTTTGAGGCCTTCGTTGGAAACGGGAATATCTTCACATAAAAACTAGACAGAAGCATTCTCAGAAACTTCTTTGTGATGTGTGCATTCAACTCACAGAGTTGAACCTTTCTTTTGATAGAGCAGTTTTGAAACACTCTTTTTGTAG	ATCTGCAAGTGGATATTTGGACTGCTTTGAGGCCTTCGTTGGAAACGGGAATATCTTCACATAAAAACTAGACAGAAGCATTCTCAGAAACCTTCTTTGTGATGTGTGCATTCAACTCACAGAGTTGAACCTTTCTTTTGATAGAGCAGTTTTGAAACACTCTTTTTGTAG	1=1D90=1I79=
R1_cons.11Jul21_CHM13	8312	172	342	AATCTGCAAGTGGATATTTGGACTGCTTTGAGGCCTTCGTTGGAAACGGGAATATCTTCACATAAAAACTAGACAGAAGCATTCTCAGAAACTTCTTTGTGATGTGTGCATTCAACTCACAGAGTTGAACCTTTCTTTTGATAGAGCAGTTTTGAAACACTCTTTTTGTAG	AATCTGCAAGTGGATATTTGGACTGCTTTGAGGCCTTCGTTGGAAACGGGAATATCTTCACATAAAAACTAGACAGAAGCATTCTCAGAAACTTCTTTGTGATGTGTGCATTCAACTCACAAGTTGAACCTTTCTTTTGATAGAGCAGTTTTGAAACACTCTTTTTGTAG	121=1D49=
R1_cons.11Jul21_CHM13	8312	342	510	AATCTGCAAGTGGATATTTGGACTGCTTTGAGGCCTTCGTTGGAAACGGGAATATCTTCACATAAAAACTAGACAGAAGCATTCTCAGAAACTTCTTTGTGATGTGTGCATTCAACTCACAGAGTTGAACCTTTCTTTTGATAGAGCAGTTTTGAAACACTCTTTTTGTAG	AATCTGCAAGATATTTGGACTGCTTTGAGGCCTTCGTTGGAAACGGGAATATCTTCACATAAAAACTAGACAGAAGCATTCTCAGAAACTTCTTTGTGATGTGTGCATTCAACTCACAGAGTTGAACCTTTCTTTTGATAGAGCAGTTTTGAAACACTCTTTTTGTAG	10=3D158=
R1_cons.11Jul21_CHM13	8312	510	684	AATCTGCAAGTGGATATTTGGACTGCTTTGAGGCCTTCGTTGGAAACGGGAATATCTTCACATAAAAACTAGACAGAAGCATTCTCAGAAACTTCTTTGTGATGTGTGCATTCAACTCACAGAGTTGAACCTTTCTTTTGATAGAGCAGTTTTGAAACACTCTTTTTGTAG	AATCTGCAAGTGGATATTTGGACTGCTTTGAGGCCTTCGTTGGAAACGGGAATATCTTCACATAAAAACTAGACAGAAGCATTCTCAGAAACTTCTTTGTGATGTGTGCATTCAACTCACAGAGTTGAACCTTTCTTTTTTTGATAGAGCAGTTTTGAAACACTCTTTTTGTAG	139=3I32=
R1_cons.11Jul21_CHM13	8312	684	854	AATCTGCAAGTGGATATTTGGACTGCTTTGAGGCCTTCGTTGGAAACGGGAATATCTTCACATAAAAACTAGACAGAAGCATTCTCAGAAACTTCTTTGTGATGTGTGCATTCAACTCACAGAGTTGAACCTTTCTTTTGATAGAGCAGTTTTGAAACACTCTTTTTGTAG	AATCTGCAAGTGGATATTTGGACTGCTTTGAGGCCTTCGTTGGAAACGGGAATATCTTCACATAAAAACTAGACAGAAGCATTCTCAGAAACTTCTTTGTGATGTGTGCATTCAACTCACAGGTTGAACCTTTCTTTTGATAGAGCAGTTTTGAAACACTCTTTTTGTAG	122=1D48=
R1_cons.11Jul21_CHM13	8312	854	1026	AATCTGCAAGTGGATATTTGGACTGCTTTGAGGCCTTCGTTGGAAACGGGAATATCTTCACATAAAAACTAGACAGAAGCATTCTCAGAAACTTCTTTGTGATGTGTGCATTCAACTCACAGAGTTGAACCTTTCTTTTGATAGAGCAGTTTTGAAACACTCTTTTTGTAG	AATCTGCAAGTGGATATTTGGACTGCTTTGAGGCCTTCGTTGGAAACGGGAATATCTTCACATAAAAACTAGACAGAAGCATTCTCAGAAACTTCTTTGTGATGTGTGCATTCAACTCACAGAGTTGAACCTTTCTTTTGATAGATGCAGTTTTGAAACACTCTTTTTGTAG	145=1I26=
R1_cons.11Jul21_CHM13	8312	1026	1195	AATCTGCAAGTGGTATTTGGACTGCTTTGAGGCCTTCGTTGGAAACGGGAATATTTCACATAAAAACTAGACAGAAGCATTCTCAGAAACTTCTTTGTGATGTGTGCATTCAACTCACAGAGTTGAACCTTTCTTTTGATAGAGCAGTTTTGAAACACTCTTTTTGTAG	AATCTGCAAGTGGTATTTGGACTGCTTTGAGGCCTTCGTTGGAAACGGGAATATTTCACATAAAAACTAGACAGAAGCATTCTCAGAAACTTCTTTGTGATGTGTGCATTCAACTCACAGAGTTGAACCTTTCTTTTGATAGAGCAGTTTTGAAACACTCTTTTTGTAG	169=
R1_cons.11Jul21_CHM13	8312	1195	1366	AATCTGCAAGTGGATATTTGGACTGCTTTGAGGCCTTCGTTGGAAACGGGAATATCTTCACATAAAAACTAGACAGAAGCATTCTCAGAAACTTCTTTGTGATGTGTGCATTCAACTCACAGAGTTGAACCTTTCTTTTGATAGAGCAGTTTTGAAACACTCTTTTTGTAG	AATCTGCAAGTGGATATTTGGACTGCTTTGAGGCCTTCGTTGGAAACGGGAATATCTTCACATAAAAACTAGACAGAAGCATTCTCAGAAACTTCTTTGTGATGTGTGCATTCAACTCACAGAGTTGAACCTTTCTTTTGATAGAGCAGTTTTGAAACACTCTTTTTGTAG	171=
R1_cons.11Jul21_CHM13	8312	1366	1538	AATCTGCAAGTGGATATTTGGACTGCTTTGAGGCCTTCGTTGGAAACGGGAATATCTTCACATAAAAACTAGACAGAAGCATTCTCAGAAACTTCTTTGTGATGTGTGCATTCAACTCACAGAGTTGAACCTTTCTTTTGATAGAGCAGTTTTGAAACACTCTTTTTGTAG	AATCTGCAAAGTGGATATTTGGACTGCTTTGAGGCCTTCGTTGGAAACGGGAATATCTTCACATAAAAACTAGACAGAAGCATTCTCAGAAACTTCTTTGTGATGTGTGCATTCAACTCACAGAGTTGAACCTTTCTTTTGATAGAGCAGTTTTGAAACACTCTTTTTGTAG	9=1I162=
R1_cons.11Jul21_CHM13	8312	1538	1710	AATCTGCAAGTGGATATTTGGACTGCTTTGAGGCCTTCGTTGGAAACGGGAATATCTTCACATAAAAACTAGACAGAAGCATTCTCAGAAACTTCTTTGTGATGTGTGCATTCAACTCACAGAGTTGAACCTTTCTTTTGATAGAGCAGTTTTGAAACACTCTTTTTGTAG	AATCTGCAAGTGGATATTTGGACTGCTTTGAGGGCCTTCGTTGGAAACGGGAATATCTTCACATAAAAACTAGACAGAAGCATTCTCAGAAACTTCTTTGTGATGTGTGCATTCAACTCACAGAGTTGAACCTTTCTTTTGATAGAGCAGTTTTGAAACACTCTTTTTGTAG	33=1I138=
R1_cons.11Jul21_CHM13	8312	1710	1882	AATCTGCAAGTGGATATTTGGACTGCTTTGAGGCCTTCGTTGGAAACGGGAATATCTTCACATAAAAACTAGACAGAAGCATTCTCAGAAACTTCTTTGTGATGTGTGCATTCAACTCACAGAGTTGAACCTTTCTTTTGATAGAGCAGTTTTGAAACACTCTTTTTGTAG	AATCTGCAAGTGGATATTTGGACTGCTTTGAGGCCTTCGTTGGAAACGGGAATATCTTCACATAAAAACTAGACAGAAGCATTCTCAGAAACTTCTTTGTCGATGTGTGCATTCAACTCACAGAGTTGAACCTTTCTTTTGATAGAGCAGTTTTGAAACACTCTTTTTGTAG	100=1I71=
R1_cons.11Jul21_CHM13	8312	1882	2054	AATCTGCAAGTGGATATTTGGACTGCTTTGAGGCCTTCGTTGGAAACGGGAATATCTTCACATAAAAACTAGACAGAAGCATTCTCAGAAACTTCTTTGTGATGTGTGCATTCAACTCACAGAGTTGAACCTTTCTTTTGATAGAGCAGTTTTGAAACACTCTTTTTGTAG	AATCTGGCAAGTGGATATTTGGACTGCTTTGAGGCCTTCGTTGGAAACGGGAATATCTTCACATAAAAACTAGACAGAAGCATTCTCAGAAACTTCTTTGTGATGTGTGCATTCAACTCACAGAGTTGAACCTTTCTTTTGATAGAGCAGTTTTGAAACACTCTTTTTGTAG	6=1I165=
R1_cons.11Jul21_CHM13	8312	2054	2223	AATCTGCAAGTGGATATTTGGACTGCTTTGAGGCCTTCGTTGGAAACGGGAATATCTTCACATAAAAACTAGACAGAAGCATTCTCAGAAACTTCTTTGTGATGTGTGCATTCAACTCACAGAGTTGAACCTTTCTTTTGATAGAGCAGTTTTGAAACACTCTTTTTGTAG	AATCTGCAAGTGGATATTTGGATGCTTTGAGGCCTTCGTTGGAAACGGGAATATCTTCACATAAAAACTAGACAGAAGCATTCTCAGAAACTTCTTTGTGATTGTGCATTCAACTCACAGAGTTGAACCTTTCTTTTGATAGAGCAGTTTTGAAACACTCTTTTTGTAG	22=1D80=1D67=
R1_cons.11Jul21_CHM13	8312	2223	2394	AATCTGCAAGTGGATATTTGGACTGCTTTGAGGCCTTCGTTGGAAACGGGAATATCTTCACATAAAAACTAGACAGAAGCATTCTCAGAAACTTCTTTGTGATGTGTGCATTCAACTCACAGAGTTGAACCTTTCTTTTGATAGAGCAGTTTTGAAACACTCTTTTTGTAG	AATCTGCAAGTGGATATTTGGACTGCTTTGAGGCCTTCGTTGGAAACGGGAATATCTTCACATAAAAACTAGACAGAAGCATTCTCAGAAACTTCTTTGTGATGTGTGCATTCAACTCACAGAGTTGAACCTTTCTTTTGATAGAGCAGTTTTGAAACACTCTTTTTGTAG	171=
R1_cons.11Jul21_CHM13	8312	2394	2566	AATCTGCAAGTGGATATTTGGACTGCTTTGAGGCCTTCGTTGGAAACGGGAATATCTTCACATAAAAACTAGACAGAAGCATTCTCAGAAACTTCTTTGTGATGTGTGCATTCAACTCACAGAGTTGAACCTTTCTTTTGATAGAGCAGTTTTGAAACACTCTTTTTGTAG	AATCTGCGAAGTGGATATTTGGACTGCTTTGAGGCCTTCGTTGGAAACGGGAATATCTTCACATAAAAACTAGACAGAAGCATTCTCAGAAACTTCTTTGTGATGTGTGCATTCAACTCACAGAGTTGAACCTTTCTTTTGATAGAGCAGTTTTGAAACACTCTTTTTGTAG	7=1I164=
R1_cons.11Jul21_CHM13	8312	2566	2735	AATCTGCAAGTGGTATTTGGACTGCTTTGAGGCCTTCGTTGGAAACGGGAATATTTCACATAAAAACTAGACAGAAGCATTCTCAGAAACTTCTTTGTGATGTGTGCATTCAACTCACAGAGTTGAACCTTTCTTTTGATAGAGCAGTTTTGAAACACTCTTTTTGTAG	AATCTGCAAGTGGTATTTGGACTGCTTTGAGGCCTTCGTTGGAAACGGGAATATTTCACATAAAAACTAGACAGAAGCATTCTCAGAAACTTCTTTGTGATGTGTGCATTCAACTCACAGAGTTGAACCTTTCTTTTGATAGAGCAGTTTTGAAACACTCTTTTTGTAG	169=
R1_cons.11Jul21_CHM13	8312	2735	2904	AATCTGCAAGTGGTATTTGGACTGCTTTGAGGCCTTCGTTGGAAACGGGAATATTTCACATAAAAACTAGACAGAAGCATTCTCAGAAACTTCTTTGTGATGTGTGCATTCAACTCACAGAGTTGAACCTTTCTTTTGATAGAGCAGTTTTGAAACACTCTTTTTGTAG	AATCTGCAAGTGGTATTTGGACTGCTTTGAGGCCTTCGTTGGAAACGGGAATATTTCACATAAAAACTAGACAGAAGCATTCTCAGAAACTTCTTTGTGATGTGTGCATTCAACTCACAGAGTTGAACCTTTCTTTTGATAGAGCAGTTTTGAAACACTCTTTTTGTAG	169=
R1_cons.11Jul21_CHM13	8312	2904	3073	AATCTGCAAGTGGTATTTGGACTGCTTTGAGGCCTTCGTTGGAAACGGGAATATTTCACATAAAAACTAGACAGAAGCATTCTCAGAAACTTCTTTGTGATGTGTGCATTCAACTCACAGAGTTGAACCTTTCTTTTGATAGAGCAGTTTTGAAACACTCTTTTTGTAG	AATCTGCAAGTGGTATTTGGACTGCTTTGAGGCCTTCGTTGGAAACGGGAATATTTCACATAAAAACTAGACAGAAGCATTCTCAGAAACTTCTTTGTGATGTGTGCATTCAACTCACAGAGTTGAACCTTTCTTTTGATAGAGCAGTTTTGAAACACTCTTTTTGTAG	169=
R1_cons.11Jul21_CHM13	8312	3073	3242	AATCTGCAAGTGGTATTTGGACTGCTTTGAGGCCTTCGTTGGAAACGGGAATATTTCACATAAAAACTAGACAGAAGCATTCTCAGAAACTTCTTTGTGATGTGTGCATTCAACTCACAGAGTTGAACCTTTCTTTTGATAGAGCAGTTTTGAAACACTCTTTTTGTAG	AATCTGCAAGTGGTATTTGGACTGCTTTGAGGCCTTCGTTGGAAACGGGAATATTTCACATAAAAACTAGACAGAAGCATTCTCAGAAACTTCTTTGTGATGTGTGCATTCAACTCACAGAGTTGAACCTTTCTTTTGATAGAGCAGTTTTGAAACACTCTTTTTGTAG	169=
R1_cons.11Jul21_CHM13	8312	3242	3411	AATCTGCAAGTGGTATTTGGACTGCTTTGAGGCCTTCGTTGGAAACGGGAATATTTCACATAAAAACTAGACAGAAGCATTCTCAGAAACTTCTTTGTGATGTGTGCATTCAACTCACAGAGTTGAACCTTTCTTTTGATAGAGCAGTTTTGAAACACTCTTTTTGTAG	AATCTGCAAGTGGTATTTGGACTGCTTTGAGGCCTTCGTTGGAAACGGGAATATTTCACATAAAAACTAGACAGAAGCATTCTCAGAAACTTCTTTGTGATGTGTGCATTCAACTCACAGAGTTGAACCTTTCTTTTGATAGAGCAGTTTTGAAACACTCTTTTTGTAG	169=
R1_cons.11Jul21_CHM13	8312	3411	3580	AATCTGCAAGTGGTATTTGGACTGCTTTGAGGCCTTCGTTGGAAACGGGAATATTTCACATAAAAACTAGACAGAAGCATTCTCAGAAACTTCTTTGTGATGTGTGCATTCAACTCACAGAGTTGAACCTTTCTTTTGATAGAGCAGTTTTGAAACACTCTTTTTGTAG	AATCTGCAAGTGGTATTTGGACTGCTTTGAGGCCTTCGTTGGAAACGGGAATATTTCACATAAAAACTAGACAGAAGCATTCTCAGAAACTTCTTTGTGATGTGTGCATTCAACTCACAGAGTTGAACCTTTCTTTTGATAGAGCAGTTTTGAAACACTCTTTTTGTAG	169=
R1_cons.11Jul21_CHM13	8312	3580	3749	AATCTGCAAGTGGTATTTGGACTGCTTTGAGGCCTTCGTTGGAAACGGGAATATTTCACATAAAAACTAGACAGAAGCATTCTCAGAAACTTCTTTGTGATGTGTGCATTCAACTCACAGAGTTGAACCTTTCTTTTGATAGAGCAGTTTTGAAACACTCTTTTTGTAG	AATCTGCAAGTGGTATTTGGACTGCTTTGAGGCCTTCGTTGGAAACGGGAATATTTCACATAAAAACTAGACAGAAGCATTCTCAGAAACTTCTTTGTGATGTGTGCATTCAACTCACAGAGTTGAACCTTTCTTTTGATAGAGCAGTTTTGAAACACTCTTTTTGTAG	169=
R1_cons.11Jul21_CHM13	8312	3749	3918	AATCTGCAAGTGGTATTTGGACTGCTTTGAGGCCTTCGTTGGAAACGGGAATATTTCACATAAAAACTAGACAGAAGCATTCTCAGAAACTTCTTTGTGATGTGTGCATTCAACTCACAGAGTTGAACCTTTCTTTTGATAGAGCAGTTTTGAAACACTCTTTTTGTAG	AATCTGCAAGTGGTATTTGGACTGCTTTGAGGCCTTCGTTGGAAACGGGAATATTTCACATAAAAACTAGACAGAAGCATTCTCAGAAACTTCTTTGTGATGTGTGCATTCAACTCACAGAGTTGAACCTTTCTTTTGATAGAGCAGTTTTGAAACACTCTTTTTGTAG	169=
R1_cons.11Jul21_CHM13	8312	3918	4087	AATCTGCAAGTGGTATTTGGACTGCTTTGAGGCCTTCGTTGGAAACGGGAATATTTCACATAAAAACTAGACAGAAGCATTCTCAGAAACTTCTTTGTGATGTGTGCATTCAACTCACAGAGTTGAACCTTTCTTTTGATAGAGCAGTTTTGAAACACTCTTTTTGTAG	AATCTGCAAGTGGTATTTGGACTGCTTTGAGGCCTTCGTTGGAAACGGGAATATTTCACATAAAAACTAGACAGAAGCATTCTCAGAAACTTCTTTGTGATGTGTGCATTCAACTCACAGAGTTGAACCTTTCTTTTGATAGAGCAGTTTTGAAACACTCTTTTTGTAG	169=
R1_cons.11Jul21_CHM13	8312	4087	4256	AATCTGCAAGTGGTATTTGGACTGCTTTGAGGCCTTCGTTGGAAACGGGAATATTTCACATAAAAACTAGACAGAAGCATTCTCAGAAACTTCTTTGTGATGTGTGCATTCAACTCACAGAGTTGAACCTTTCTTTTGATAGAGCAGTTTTGAAACACTCTTTTTGTAG	AATCTGCAAGTGGTATTTGGACTGCTTTGAGGCCTTCGTTGGAAACGGGAATATTTCACATAAAAACTAGACAGAAGCATTCTCAGAAACTTCTTTGTGATGTGTGCATTCAACTCACAGAGTTGAACCTTTCTTTTGATAGAGCAGTTTTGAAACACTCTTTTTGTAG	169=
R1_cons.11Jul21_CHM13	8312	4256	4425	AATCTGCAAGTGGTATTTGGACTGCTTTGAGGCCTTCGTTGGAAACGGGAATATTTCACATAAAAACTAGACAGAAGCATTCTCAGAAACTTCTTTGTGATGTGTGCATTCAACTCACAGAGTTGAACCTTTCTTTTGATAGAGCAGTTTTGAAACACTCTTTTTGTAG	AATCTGCAAGTGGTATTTGGACTGCTTTGAGGCCTTCGTTGGAAACGGGAATATTTCACATAAAAACTAGACAGAAGCATTCTCAGAAACTTCTTTGTGATGTGTGCATTCAACTCACAGAGTTGAACCTTTCTTTTGATAGAGCAGTTTTGAAACACTCTTTTTGTAG	169=
R1_cons.11Jul21_CHM13	8312	4425	4594	AATCTGCAAGTGGTATTTGGACTGCTTTGAGGCCTTCGTTGGAAACGGGAATATTTCACATAAAAACTAGACAGAAGCATTCTCAGAAACTTCTTTGTGATGTGTGCATTCAACTCACAGAGTTGAACCTTTCTTTTGATAGAGCAGTTTTGAAACACTCTTTTTGTAG	AATCTGCAAGTGGTATTTGGACTGCTTTGAGGCCTTCGTTGGAAACGGGAATATTTCACATAAAAACTAGACAGAAGCATTCTCAGAAACTTCTTTGTGATGTGTGCATTCAACTCACAGAGTTGAACCTTTCTTTTGATAGAGCAGTTTTGAAACACTCTTTTTGTAG	169=
R1_cons.11Jul21_CHM13	8312	4594	4763	AATCTGCAAGTGGTATTTGGACTGCTTTGAGGCCTTCGTTGGAAACGGGAATATTTCACATAAAAACTAGACAGAAGCATTCTCAGAAACTTCTTTGTGATGTGTGCATTCAACTCACAGAGTTGAACCTTTCTTTTGATAGAGCAGTTTTGAAACACTCTTTTTGTAG	AATCTGCAAGTGGTATTTGGACTGCTTTGAGGCCTTCGTTGGAAACGGGAATATTTCACATAAAAACTAGACAGAAGCATTCTCAGAAACTTCTTTGTGATGTGTGCATTCAACTCACAGAGTTGAACCTTTCTTTTGATAGAGCAGTTTTGAAACACTCTTTTTGTAG	169=
R1_cons.11Jul21_CHM13	8312	4763	4932	AATCTGCAAGTGGTATTTGGACTGCTTTGAGGCCTTCGTTGGAAACGGGAATATTTCACATAAAAACTAGACAGAAGCATTCTCAGAAACTTCTTTGTGATGTGTGCATTCAACTCACAGAGTTGAACCTTTCTTTTGATAGAGCAGTTTTGAAACACTCTTTTTGTAG	AATCTGCAAGTGGTATTTGGACTGCTTTGAGGCCTTCGTTGGAAACGGGAATATTTCACATAAAAACTAGACAGAAGCATTCTCAGAAACTTCTTTGTGATGTGTGCATTCAACTCACAGAGTTGAACCTTTCTTTTGATAGAGCAGTTTTGAAACACTCTTTTTGTAG	169=
R1_cons.11Jul21_CHM13	8312	4932	5101	AATCTGCAAGTGGTATTTGGACTGCTTTGAGGCCTTCGTTGGAAACGGGAATATTTCACATAAAAACTAGACAGAAGCATTCTCAGAAACTTCTTTGTGATGTGTGCATTCAACTCACAGAGTTGAACCTTTCTTTTGATAGAGCAGTTTTGAAACACTCTTTTTGTAG	AATCTGCAAGTGGTATTTGGACTGCTTTGAGGCCTTCGTTGGAAACGGGAATATTTCACATAAAAACTAGACAGAAGCATTCTCAGAAACTTCTTTGTGATGTGTGCATTCAACTCACAGAGTTGAACCTTTCTTTTGATAGAGCAGTTTTGAAACACTCTTTTTGTAG	169=
R1_cons.11Jul21_CHM13	8312	5101	5270	AATCTGCAAGTGGTATTTGGACTGCTTTGAGGCCTTCGTTGGAAACGGGAATATTTCACATAAAAACTAGACAGAAGCATTCTCAGAAACTTCTTTGTGATGTGTGCATTCAACTCACAGAGTTGAACCTTTCTTTTGATAGAGCAGTTTTGAAACACTCTTTTTGTAG	AATCTGCAAGTGGTATTTGGACTGCTTTGAGGCCTTCGTTGGAAACGGGAATATTTCACATAAAAACTAGACAGAAGCATTCTCAGAAACTTCTTTGTGATGTGTGCATTCAACTCACAGAGTTGAACCTTTCTTTTGATAGAGCAGTTTTGAAACACTCTTTTTGTAG	169=
R1_cons.11Jul21_CHM13	8312	5270	5439	AATCTGCAAGTGGTATTTGGACTGCTTTGAGGCCTTCGTTGGAAACGGGAATATTTCACATAAAAACTAGACAGAAGCATTCTCAGAAACTTCTTTGTGATGTGTGCATTCAACTCACAGAGTTGAACCTTTCTTTTGATAGAGCAGTTTTGAAACACTCTTTTTGTAG	AATCTGCAAGTGGTATTTGGACTGCTTTGAGGCCTTCGTTGGAAACGGGAATATTTCACATAAAAACTAGACAGAAGCATTCTCAGAAACTTCTTTGTGATGTGTGCATTCAACTCACAGAGTTGAACCTTTCTTTTGATAGAGCAGTTTTGAAACACTCTTTTTGTAG	169=
R1_cons.11Jul21_CHM13	8312	5439	5608	AATCTGCAAGTGGTATTTGGACTGCTTTGAGGCCTTCGTTGGAAACGGGAATATTTCACATAAAAACTAGACAGAAGCATTCTCAGAAACTTCTTTGTGATGTGTGCATTCAACTCACAGAGTTGAACCTTTCTTTTGATAGAGCAGTTTTGAAACACTCTTTTTGTAG	AATCTGCAAGTGGTATTTGGACTGCTTTGAGGCCTTCGTTGGAAACGGGAATATTTCACATAAAAACTAGACAGAAGCATTCTCAGAAACTTCTTTGTGATGTGTGCATTCAACTCACAGAGTTGAACCTTTCTTTTGATAGAGCAGTTTTGAAACACTCTTTTTGTAG	169=
R1_cons.11Jul21_CHM13	8312	5608	5777	AATCTGCAAGTGGTATTTGGACTGCTTTGAGGCCTTCGTTGGAAACGGGAATATTTCACATAAAAACTAGACAGAAGCATTCTCAGAAACTTCTTTGTGATGTGTGCATTCAACTCACAGAGTTGAACCTTTCTTTTGATAGAGCAGTTTTGAAACACTCTTTTTGTAG	AATCTGCAAGTGGTATTTGGACTGCTTTGAGGCCTTCGTTGGAAACGGGAATATTTCACATAAAAACTAGACAGAAGCATTCTCAGAAACTTCTTTGTGATGTGTGCATTCAACTCACAGAGTTGAACCTTTCTTTTGATAGAGCAGTTTTGAAACACTCTTTTTGTAG	169=
R1_cons.11Jul21_CHM13	8312	5777	5946	AATCTGCAAGTGGTATTTGGACTGCTTTGAGGCCTTCGTTGGAAACGGGAATATTTCACATAAAAACTAGACAGAAGCATTCTCAGAAACTTCTTTGTGATGTGTGCATTCAACTCACAGAGTTGAACCTTTCTTTTGATAGAGCAGTTTTGAAACACTCTTTTTGTAG	AATCTGCAAGTGGTATTTGGACTGCTTTGAGGCCTTCGTTGGAAACGGGAATATTTCACATAAAAACTAGACAGAAGCATTCTCAGAAACTTCTTTGTGATGTGTGCATTCAACTCACAGAGTTGAACCTTTCTTTTGATAGAGCAGTTTTGAAACACTCTTTTTGTAG	169=
R1_cons.11Jul21_CHM13	8312	5946	6115	AATCTGCAAGTGGTATTTGGACTGCTTTGAGGCCTTCGTTGGAAACGGGAATATTTCACATAAAAACTAGACAGAAGCATTCTCAGAAACTTCTTTGTGATGTGTGCATTCAACTCACAGAGTTGAACCTTTCTTTTGATAGAGCAGTTTTGAAACACTCTTTTTGTAG	AATCTGCAAGTGGTATTTGGACTGCTTTGAGGCCTTCGTTGGAAACGGGAATATTTCACATAAAAACTAGACAGAAGCATTCTCAGAAACTTCTTTGTGATGTGTGCATTCAACTCACAGAGTTGAACCTTTCTTTTGATAGAGCAGTTTTGAAACACTCTTTTTGTAG	169=
R1_cons.11Jul21_CHM13	8312	6115	6284	AATCTGCAAGTGGTATTTGGACTGCTTTGAGGCCTTCGTTGGAAACGGGAATATTTCACATAAAAACTAGACAGAAGCATTCTCAGAAACTTCTTTGTGATGTGTGCATTCAACTCACAGAGTTGAACCTTTCTTTTGATAGAGCAGTTTTGAAACACTCTTTTTGTAG	AATCTGCAAGTGGTATTTGGACTGCTTTGAGGCCTTCGTTGGAAACGGGAATATTTCACATAAAAACTAGACAGAAGCATTCTCAGAAACTTCTTTGTGATGTGTGCATTCAACTCACAGAGTTGAACCTTTCTTTTGATAGAGCAGTTTTGAAACACTCTTTTTGTAG	169=
R1_cons.11Jul21_CHM13	8312	6284	6453	AATCTGCAAGTGGTATTTGGACTGCTTTGAGGCCTTCGTTGGAAACGGGAATATTTCACATAAAAACTAGACAGAAGCATTCTCAGAAACTTCTTTGTGATGTGTGCATTCAACTCACAGAGTTGAACCTTTCTTTTGATAGAGCAGTTTTGAAACACTCTTTTTGTAG	AATCTGCAAGTGGTATTTGGACTGCTTTGAGGCCTTCGTTGGAAACGGGAATATTTCACATAAAAACTAGACAGAAGCATTCTCAGAAACTTCTTTGTGATGTGTGCATTCAACTCACAGAGTTGAACCTTTCTTTTGATAGAGCAGTTTTGAAACACTCTTTTTGTAG	169=
R1_cons.11Jul21_CHM13	8312	6453	6622	AATCTGCAAGTGGTATTTGGACTGCTTTGAGGCCTTCGTTGGAAACGGGAATATTTCACATAAAAACTAGACAGAAGCATTCTCAGAAACTTCTTTGTGATGTGTGCATTCAACTCACAGAGTTGAACCTTTCTTTTGATAGAGCAGTTTTGAAACACTCTTTTTGTAG	AATCTGCAAGTGGTATTTGGACTGCTTTGAGGCCTTCGTTGGAAACGGGAATATTTCACATAAAAACTAGACAGAAGCATTCTCAGAAACTTCTTTGTGATGTGTGCATTCAACTCACAGAGTTGAACCTTTCTTTTGATAGAGCAGTTTTGAAACACTCTTTTTGTAG	169=
R1_cons.11Jul21_CHM13	8312	6622	6791	AATCTGCAAGTGGTATTTGGACTGCTTTGAGGCCTTCGTTGGAAACGGGAATATTTCACATAAAAACTAGACAGAAGCATTCTCAGAAACTTCTTTGTGATGTGTGCATTCAACTCACAGAGTTGAACCTTTCTTTTGATAGAGCAGTTTTGAAACACTCTTTTTGTAG	AATCTGCAAGTGGTATTTGGACTGCTTTGAGGCCTTCGTTGGAAACGGGAATATTTCACATAAAAACTAGACAGAAGCATTCTCAGAAACTTCTTTGTGATGTGTGCATTCAACTCACAGAGTTGAACCTTTCTTTTGATAGAGCAGTTTTGAAACACTCTTTTTGTAG	169=
R1_cons.11Jul21_CHM13	8312	6791	6960	AATCTGCAAGTGGTATTTGGACTGCTTTGAGGCCTTCGTTGGAAACGGGAATATTTCACATAAAAACTAGACAGAAGCATTCTCAGAAACTTCTTTGTGATGTGTGCATTCAACTCACAGAGTTGAACCTTTCTTTTGATAGAGCAGTTTTGAAACACTCTTTTTGTAG	AATCTGCAAGTGGTATTTGGACTGCTTTGAGGCCTTCGTTGGAAACGGGAATATTTCACATAAAAACTAGACAGAAGCATTCTCAGAAACTTCTTTGTGATGTGTGCATTCAACTCACAGAGTTGAACCTTTCTTTTGATAGAGCAGTTTTGAAACACTCTTTTTGTAG	169=
R1_cons.11Jul21_CHM13	8312	6960	7129	AATCTGCAAGTGGTATTTGGACTGCTTTGAGGCCTTCGTTGGAAACGGGAATATTTCACATAAAAACTAGACAGAAGCATTCTCAGAAACTTCTTTGTGATGTGTGCATTCAACTCACAGAGTTGAACCTTTCTTTTGATAGAGCAGTTTTGAAACACTCTTTTTGTAG	AATCTGCAAGTGGTATTTGGACTGCTTTGAGGCCTTCGTTGGAAACGGGAATATTTCACATAAAAACTAGACAGAAGCATTCTCAGAAACTTCTTTGTGATGTGTGCATTCAACTCACAGAGTTGAACCTTTCTTTTGATAGAGCAGTTTTGAAACACTCTTTTTGTAG	169=
R1_cons.11Jul21_CHM13	8312	7129	7298	AATCTGCAAGTGGTATTTGGACTGCTTTGAGGCCTTCGTTGGAAACGGGAATATTTCACATAAAAACTAGACAGAAGCATTCTCAGAAACTTCTTTGTGATGTGTGCATTCAACTCACAGAGTTGAACCTTTCTTTTGATAGAGCAGTTTTGAAACACTCTTTTTGTAG	AATCTGCAAGTGGTATTTGGACTGCTTTGAGGCCTTCGTTGGAAACGGGAATATTTCACATAAAAACTAGACAGAAGCATTCTCAGAAACTTCTTTGTGATGTGTGCATTCAACTCACAGAGTTGAACCTTTCTTTTGATAGAGCAGTTTTGAAACACTCTTTTTGTAG	169=
R1_cons.11Jul21_CHM13	8312	7298	7467	AATCTGCAAGTGGTATTTGGACTGCTTTGAGGCCTTCGTTGGAAACGGGAATATTTCACATAAAAACTAGACAGAAGCATTCTCAGAAACTTCTTTGTGATGTGTGCATTCAACTCACAGAGTTGAACCTTTCTTTTGATAGAGCAGTTTTGAAACACTCTTTTTGTAG	AATCTGCAAGTGGTATTTGGACTGCTTTGAGGCCTTCGTTGGAAACGGGAATATTTCACATAAAAACTAGACAGAAGCATTCTCAGAAACTTCTTTGTGATGTGTGCATTCAACTCACAGAGTTGAACCTTTCTTTTGATAGAGCAGTTTTGAAACACTCTTTTTGTAG	169=
R1_cons.11Jul21_CHM13	8312	7467	7636	AATCTGCAAGTGGTATTTGGACTGCTTTGAGGCCTTCGTTGGAAACGGGAATATTTCACATAAAAACTAGACAGAAGCATTCTCAGAAACTTCTTTGTGATGTGTGCATTCAACTCACAGAGTTGAACCTTTCTTTTGATAGAGCAGTTTTGAAACACTCTTTTTGTAG	AATCTGCAAGTGGTATTTGGACTGCTTTGAGGCCTTCGTTGGAAACGGGAATATTTCACATAAAAACTAGACAGAAGCATTCTCAGAAACTTCTTTGTGATGTGTGCATTCAACTCACAGAGTTGAACCTTTCTTTTGATAGAGCAGTTTTGAAACACTCTTTTTGTAG	169=
R1_cons.11Jul21_CHM13	8312	7636	7805	AATCTGCAAGTGGTATTTGGACTGCTTTGAGGCCTTCGTTGGAAACGGGAATATTTCACATAAAAACTAGACAGAAGCATTCTCAGAAACTTCTTTGTGATGTGTGCATTCAACTCACAGAGTTGAACCTTTCTTTTGATAGAGCAGTTTTGAAACACTCTTTTTGTAG	AATCTGCAAGTGGTATTTGGACTGCTTTGAGGCCTTCGTTGGAAACGGGAATATTTCACATAAAAACTAGACAGAAGCATTCTCAGAAACTTCTTTGTGATGTGTGCATTCAACTCACAGAGTTGAACCTTTCTTTTGATAGAGCAGTTTTGAAACACTCTTTTTGTAG	169=
R1_cons.11Jul21_CHM13	8312	7805	7974	AATCTGCAAGTGGTATTTGGACTGCTTTGAGGCCTTCGTTGGAAACGGGAATATTTCACATAAAAACTAGACAGAAGCATTCTCAGAAACTTCTTTGTGATGTGTGCATTCAACTCACAGAGTTGAACCTTTCTTTTGATAGAGCAGTTTTGAAACACTCTTTTTGTAG	AATCTGCAAGTGGTATTTGGACTGCTTTGAGGCCTTCGTTGGAAACGGGAATATTTCACATAAAAACTAGACAGAAGCATTCTCAGAAACTTCTTTGTGATGTGTGCATTCAACTCACAGAGTTGAACCTTTCTTTTGATAGAGCAGTTTTGAAACACTCTTTTTGTAG	169=
R1_cons.11Jul21_CHM13	8312	7974	8143	AATCTGCAAGTGGTATTTGGACTGCTTTGAGGCCTTCGTTGGAAACGGGAATATTTCACATAAAAACTAGACAGAAGCATTCTCAGAAACTTCTTTGTGATGTGTGCATTCAACTCACAGAGTTGAACCTTTCTTTTGATAGAGCAGTTTTGAAACACTCTTTTTGTAG	AATCTGCAAGTGGTATTTGGACTGCTTTGAGGCCTTCGTTGGAAACGGGAATATTTCACATAAAAACTAGACAGAAGCATTCTCAGAAACTTCTTTGTGATGTGTGCATTCAACTCACAGAGTTGAACCTTTCTTTTGATAGAGCAGTTTTGAAACACTCTTTTTGTAG	169=
R1_cons.11Jul21_CHM13	8312	8143	8312	AATCTGCAAGTGGTATTTGGACTGCTTTGAGGCCTTCGTTGGAAACGGGAATATTTCACATAAAAACTAGACAGAAGCATTCTCAGAAACTTCTTTGTGATGTGTGCATTCAACTCACAGAGTTGAACCTTTCTTTTGATAGAGCAGTTTTGAAACACTCTTTTTGTAG	AATCTGCAAGTGGTATTTGGACTGCTTTGAGGCCTTCGTTGGAAACGGGAATATTTCACATAAAAACTAGACAGAAGCATTCTCAGAAACTTCTTTGTGATGTGTGCATTCAACTCACAGAGTTGAACCTTTCTTTTGATAGAGCAGTTTTGAAACACTCTTTTTGTAG	169=
